番号	チェック用キーワード	対応	分類	表示例	読み	判断	OKの場合	NGの場合	備考	"ガイドライン等
の出典"
1	風邪	「風邪」該当箇所を削除（化粧品・雑品）。食品はもちろんNG。ただし、ティッシュ等の広告表現で、風邪、花粉症などの症状がある場合における使用についてならOK。	疾病への効果	風邪を引きにくい体にする	かぜ	薬事区分を確認	医薬品・医療機器・医薬部外品（補助薬として）	化粧品・雑品	OKの場合でも承認された効能効果の範囲に限る	いわゆる健康食品について（H28.10.3）
2	花粉	「花粉」「花粉症」人体への効果効能なら該当箇所を削除（医薬部外品・化粧品・雑品）。ただし食品以外で理由があって「花粉の季節に」「花粉をブロック」「花粉を除去」はOK。食品の場合、保健機能食品（特定保健用食品（トクホ）、機能性表示食品、栄養機能食品のいずれか）でパッケージ表現の範囲内ならOKでその他の場合はNG。また、ティッシュ等の広告表現で、風邪、花粉症などの症状がある場合における使用についてならOK。	疾病への効果	花粉症に効く　花粉症におススメ　花粉症予防	かふん	薬事区分または保健機能食品かを確認	医薬品・医療機器・保健機能食品（パッケージ表現の範囲内）・雑品※	"医薬部外品・化粧品・雑品
その他食品"	"保健機能食品：パッケージに記載された内容に限る
食品における季節性の疾病等の予防表現はNG
「花粉の季節はつらい」も効果の暗示になるのでNG
※雑品のマスクやメガネなどでも物理的にブロックすることが客観的に証明できればOK　疾病予防効果などはNG
「花粉症」は疾病名なので雑品（保健機能食品含む）においてはNG"	薬機法66条　健康増進法32条の2　消費者庁　健康食品インターネット広告実態調査　検索キーワード　アスクル過去事例
3	インフルエンザ	「インフルエンザ」該当箇所を削除（医薬部外品・化粧品・雑品）。食品はもちろんNG	疾病への効果	インフルエンザに効く　新型インフルエンザ対策　インフルエンザに備えよう	いんふるえんざ	薬事区分を確認	医薬品・医療機器	医薬部外品・化粧品・雑品	"OKの場合でも承認された効能効果の範囲に限る
「インフルエンザの季節に備えて」もNG
「インフルエンザ予防」はOTC医薬品でもNG"	"健康食品に関する景品表示法及び健康増進法上の留意事項について（H28.6.30）
医薬品等適性広告基準【基準３】　薬機法66条　健康増進法32条の2　消費者庁　健康食品インターネット広告実態調査　検索キーワード"
4	糖尿	「糖尿」該当箇所を削除（医薬部外品・化粧品・雑品）。食品はもちろんNG	疾病への効果	糖尿病の人に	とうにょう	薬事区分を確認	医薬品・医療機器	医薬部外品・化粧品・雑品	OKの場合でも承認された効能効果の範囲に限る	健康食品に関する景品表示法及び健康増進法上の留意事項について（H28.6.30）
5	高血圧	「高血圧」該当箇所を削除（医薬部外品・化粧品・雑品）。食品はもちろんNG	疾病への効果	"高血圧の人に
高血圧対策　高血圧予防　高血圧の人へ"	こうけつあつ	薬事区分を確認	医薬品・医療機器	医薬部外品・化粧品・雑品	食品における疾病治療や予防を目的とする表現はNG。ただし、機能性表示食品では「高めの血圧」という表現はOK。	"健康食品に関する景品表示法及び健康増進法上の留意事項について（H28.6.30）
薬機法　健康増進法　健康増進法　いわゆる健康食品について（東京都福祉保健局）　ヤフー薬事抵触事例集　"
6	動脈硬化	「動脈硬化」該当箇所を削除（医薬部外品・化粧品・雑品）。食品はもちろんNG	疾病への効果	動脈硬化の人に	どうみゃくこうか	薬事区分を確認	医薬品・医療機器	医薬部外品・化粧品・雑品	食品における疾病治療や予防を目的とする表現はNG	"健康食品に関する景品表示法及び健康増進法上の留意事項について（H28.6.30）
消費者庁　健康食品インターネット広告実態調査　検索キーワード　健康増進法32条の2"
7	メタボ	「メタボ」該当箇所を削除（医薬部外品・化粧品・雑品）。食品はもちろんNG	疾病への効果	メタボリック改善　メタボリックシンドローム　メタボ対策	めたぼ	薬事区分を確認	医薬品・医療機器	医薬部外品・化粧品・雑品	OKの場合でも承認された効能効果の範囲に限る	医薬品等適性広告基準【基準３】
8	食欲増進	「食欲増進」該当箇所を削除（医薬部外品・化粧品・雑品）。食品はもちろんNG	人体の機能改善	食欲増進	しょくよくぞうしん	薬事区分を確認	医薬品・医療機器	医薬部外品・化粧品・雑品	OKの場合でも承認された効能効果の範囲に限る	"健康食品に関する景品表示法及び健康増進法上の留意事項について（H28.6.30）
いわゆる健康食品について（H28.10.3）"
9	食欲不振	「食欲不振」該当箇所を削除（食品）	疾病への効果	食欲不振	しょくよくふしん	使用禁止			食品における疾病治療や予防を目的とする表現はNG	消費者庁　健康食品インターネット広告実態調査　検索キーワード　健康増進法32条の2
10	食欲減退	「食欲減退」該当箇所を削除（食品）	疾病への効果	食欲減退	しょくよくげんたい	使用禁止			食品における疾病治療や予防を目的とする表現はNG	消費者庁　健康食品インターネット広告実態調査　検索キーワード　健康増進法32条の2
11	疲労回復	「疲労回復」該当箇所を削除（化粧品・雑品）。食品はもちろんNG	人体の機能改善	疲労回復	ひろうかいふく	薬事区分を確認	医薬品・医療機器・医薬部外品	化粧品・雑品	OKの場合でも承認された効能効果の範囲に限る	"健康食品に関する景品表示法及び健康増進法上の留意事項について（H28.6.30）
いわゆる健康食品について（H28.10.3）"
12	強壮	「強壮」該当箇所を削除（化粧品・雑品）。食品はもちろんNG	人体の機能改善	強精（強性）強壮　滋養強壮に	きょうそう	薬事区分を確認	医薬品・医療機器・医薬部外品	化粧品・雑品	OKの場合でも承認された効能効果の範囲に限る	"健康食品に関する景品表示法及び健康増進法上の留意事項について（H28.6.30）
医薬品等適性広告基準【基準３】"
13	老化	「老化」該当箇所を削除（医薬部外品・化粧品・雑品）。食品はもちろんNG	人体の機能改善	老化を防ぐ　抗老化　老化を遅らせて寿命を延ばす　老化を防止する　老化防止	ろうか	薬事区分を確認	医薬品・医療機器	医薬部外品・化粧品・雑品	OKの場合でも承認された効能効果の範囲に限る	"健康食品に関する景品表示法及び健康増進法上の留意事項について（H28.6.30）
いわゆる健康食品について（H28.10.3）
医薬品等適性広告基準【基準３】　化粧品等の適正広告ガイドライン"
14	免疫	「免疫」該当箇所を削除（医薬部外品・化粧品・雑品）。食品の場合、保健機能食品（特定保健用食品（トクホ）、機能性表示食品、栄養機能食品のいずれか）でパッケージ表現の範囲内ならOKでその他の場合はNG	人体の機能改善	"免疫機能の向上
免疫力アップ　免疫が弱っている方へ"	めんえき	薬事区分または保健機能食品かを確認	医薬品・医療機器・保健機能食品（パッケージ表現の範囲内）	"医薬部外品・化粧品・雑品
その他食品"	"医薬品・医療機器：OKの場合でも承認された効能効果の範囲に限る
保健機能食品：パッケージに記載された内容に限る"	"健康食品に関する景品表示法及び健康増進法上の留意事項について（H28.6.30）
消費者庁　健康食品インターネット広告実態調査　検索キーワード　健康増進法32条の2　ヤフー薬事抵触事例集"
15	精力	「精力」該当箇所を削除（医薬部外品・化粧品・雑品）。食品はもちろんNG	人体の機能改善	精力回復	せいりょく	薬事区分を確認	医薬品・医療機器	医薬部外品・化粧品・雑品	OKの場合でも承認された効能効果の範囲に限る	いわゆる健康食品について（H28.10.3）
16	脂肪燃焼	「脂肪燃焼」該当箇所を削除（医薬部外品・化粧品・雑品）。食品の場合、機能性表示食品でパッケージ表現の範囲内ならOKでその他の場合はNG	人体の機能改善	脂肪燃焼を促進	しぼうねんしょう	薬事区分を確認	医薬品・医療機器	医薬部外品・化粧品・雑品	OKの場合でも承認された効能効果の範囲に限る	健康食品に関する景品表示法及び健康増進法上の留意事項について（H28.6.30）
17	治癒力	「治癒力」人体への効果効能なら該当箇所を削除（医薬部外品・化粧品・雑品）。食品はもちろんNG	人体の機能改善	自然治癒力を増強	ちゆりょく	薬事区分を確認	医薬品・医療機器	医薬部外品・化粧品・雑品	OKの場合でも承認された効能効果の範囲に限る	"健康食品に関する景品表示法及び健康増進法上の留意事項について（H28.6.30）
いわゆる健康食品について（H28.10.3）"
18	集中力	「集中力」人体への効果効能なら該当箇所を削除（医薬部外品・化粧品・雑品）。食品はもちろんNG。ただし知育玩具で「集中力をのばす」等ならOK	人体の機能改善	集中力を高める	しゅうちゅうりょく	薬事区分を確認、事実関係を確認	医薬品・医療機器	医薬部外品・化粧品・雑品	OKの場合でも承認された効能効果の範囲に限る	健康食品に関する景品表示法及び健康増進法上の留意事項について（H28.6.30）
19	デトックス	「デトックス」該当箇所を削除（医薬部外品・化粧品・雑品）。食品はもちろんNG	疾病への効果	飲めばデトックス　デトックス効果	でとっくす	薬事区分を確認	医薬品・医療機器	医薬部外品・化粧品・雑品	"OKの場合でも承認された効能効果の範囲に限る
デトックス（解毒）は医薬品に対して使う言葉
食品における痩身効果を標榜する表現はＮＧ"	"医薬品等適性広告基準【基準３】　化粧品等の適正広告ガイドライン
薬機法66条　健康増進法32条の2　いわゆる健康食品について（東京都福祉保健局）　消費者庁　健康食品インターネット広告実態調査　検索キーワード"
20	アンチエイジング	「アンチエイジング」該当箇所を削除（医薬部外品・化粧品・雑品）。食品はもちろんNG。なお対人ではなく対物の表現としてはメーカー表現であればOK	人体の機能改善	アンチエイジング化粧品　アンチエイジングケア　若々しい素肌がよみがえるエイジングケア　エイジングケアで衰えに負けない肌を作る	あんちえいじんぐ	薬事区分を確認	医薬品・医療機器	医薬部外品・化粧品・雑品	"OKの場合でも承認された効能効果の範囲に限る
年齢に応じたお手入れという意味の「エイジングケア」なら化粧品でもOK　例「年を重ねた肌にうるおいを与えるエイジングケア」
メーキャップ効果等の物理的効果によって加齢による肌の老化を目立たなくさせる表現は可能　例）「年齢のサインを隠すエイジングケア」「若く見せるエイジングケア」
対物でOKとした事例「衣類のアンチエイジング処方＊1 （ ＊1メーカー抗菌濃縮洗剤比。全ての素材に効果があるわけではありません。） "	"医薬品等適性広告基準【基準３】　化粧品等の適正広告ガイドラインE17
薬機法66条　健康増進法32条の2　いわゆる健康食品について（東京都福祉保健局）　消費者庁　健康食品インターネット広告実態調査　検索キーワード　ヤフー健康食品広告表現ガイドライン"
21	抗糖化	「抗糖化」該当箇所を削除（雑品）	人体の機能改善	抗糖化	こうとうか	薬事区分を確認	医薬品・医療機器・医薬部外品※条件付	化粧品・雑品	ＯＫの場合でも承認された効果の範囲に限る	平成30年度健康食品試買調査結果（東京都）
22	毒素	「毒素」該当箇所を削除（医薬部外品・化粧品・雑品）。食品はもちろんNG	疾病への効果	毒素の排出	どくそ	薬事区分を確認	医薬品・医療機器	医薬部外品・化粧品・雑品	"OKの場合でも承認された効能効果の範囲に限る
デトックス（解毒）は医薬品に対して使う言葉
食品における痩身効果を標榜する表現はＮＧ"	"医薬品等適性広告基準【基準３】　化粧品等の適正広告ガイドライン
薬機法66条　健康増進法32条の2　いわゆる健康食品について（東京都福祉保健局）　消費者庁　健康食品インターネット広告実態調査　検索キーワード"
23	解毒	「解毒｣該当箇所を削除（食品）	疾病への効果	"解毒機能を高める
解毒　解毒作用　解毒効果"	げどく	使用禁止			食品における身体の組織に影響を与えるような表現はNG	"いわゆる健康食品について（H28.10.3）
ヤフー健康食品広告表現ガイドライン"
24	二日酔い	「二日酔い」該当箇所を削除（食品）	疾病への効果	二日酔いに	ふつかよい	使用禁止			疾病治療や予防を目的とする表現はNG	ヤフー健康食品広告表現ガイドライン
25	脂肪減少	「脂肪減少」該当箇所を削除（医薬部外品・化粧品・雑品）。食品の場合、保健機能食品（特定保健用食品（トクホ）、機能性表示食品、栄養機能食品のいずれか）でパッケージ表現の範囲内ならOKでその他の場合はNG	人体の機能改善	脂肪減少をサポート	しぼうげんしょう	薬事区分または保健機能食品かを確認	医薬品・医療機器・保健機能食品（パッケージ表現の範囲内）	"医薬部外品・化粧品・雑品
その他食品"	"医薬品・医療機器：OKの場合でも承認された効能効果の範囲に限る
保健機能食品：パッケージに記載された内容に限る"	健康食品に関する景品表示法及び健康増進法上の留意事項について（H28.6.30）
26	判断力	「判断力」人体への効果効能なら該当箇所を削除（医薬部外品・化粧品・雑品）。食品の場合、保健機能食品（特定保健用食品（トクホ）、機能性表示食品、栄養機能食品のいずれか）でパッケージ表現の範囲内ならOKでその他の場合はNG	人体の機能改善	判断力を高める	はんだんりょく	薬事区分または保健機能食品かを確認	医薬品・医療機器・保健機能食品（パッケージ表現の範囲内）	"医薬部外品・化粧品・雑品
その他食品"	"医薬品・医療機器：OKの場合でも承認された効能効果の範囲に限る
保健機能食品：パッケージに記載された内容に限る"	健康食品に関する景品表示法及び健康増進法上の留意事項について（H28.6.30）
27	肝機能	「肝機能」該当箇所を削除（化粧品・雑品）。食品の場合、保健機能食品（特定保健用食品（トクホ）、機能性表示食品、栄養機能食品のいずれか）でパッケージ表現の範囲内ならOKでその他の場合はNG。医薬部外品はパッケージに書いている内容ならOK	人体の機能改善	肝機能向上	かんきのう	薬事区分または保健機能食品かを確認	医薬品・医療機器・保健機能食品（パッケージ表現の範囲内）	"医薬部外品・化粧品・雑品
その他食品"	"医薬品・医療機器：OKの場合でも承認された効能効果の範囲に限る
保健機能食品：パッケージに記載された内容に限る"	いわゆる健康食品について（H28.10.3）
28	肝障害	「肝障害」該当箇所を削除（医薬部外品・化粧品・雑品）。食品はもちろんNG。ただしペットフードの療養食はOK。	疾病への効果	肝障害に	かんしょうがい	薬事区分を確認	医薬品・医療機器	医薬部外品・化粧品・雑品	OKの場合でも承認された効能効果の範囲に限る	医薬品的な効能効果について（東京都福祉保健局）
29	腎障害	「腎障害」該当箇所を削除（医薬部外品・化粧品・雑品）。食品はもちろんNG。ただしペットフードの療養食はOK。	疾病への効果	腎障害に	じんしょうがい	薬事区分を確認	医薬品・医療機器	医薬部外品・化粧品・雑品	OKの場合でも承認された効能効果の範囲に限る	医薬品的な効能効果について（東京都福祉保健局）
30	便秘	「便秘」該当箇所を削除（化粧品・雑品）。食品の場合、機能性表示食品でパッケージ表現の範囲内ならOKでその他の場合はNG。医薬部外品はパッケージに書いている内容ならOK	疾病への効果	便秘対策　便秘予防　便秘解消　便秘　宿便を排泄　快便	べんぴ	薬事区分を確認、食品の種類を確認	医薬品・医療機器、機能性表示食品（パッケージ表現の範囲内）	医薬部外品・化粧品・雑品	OKの場合でも承認された効能効果の範囲に限る	"健康食品に関する景品表示法及び健康増進法上の留意事項について（H28.6.30）
医薬品等適性広告基準【基準３】"
32	骨粗	「骨粗」骨粗しょう症を指す場合は該当箇所を削除（医薬部外品・化粧品・雑品）。食品の場合、特定保健用食品（トクホ）で「骨粗鬆症になるリスクを低減するかもしれません」という内容の場合で、パッケージにも同内容の記載がある場合のみOK	疾病への効果	骨粗しょう症予防	こつそ	薬事区分または保健機能食品かを確認	医薬品・医療機器・保健機能食品（パッケージ表現の範囲内）	"医薬部外品・化粧品・雑品
その他食品"	"医薬品・医療機器：OKの場合でも承認された効能効果の範囲に限る
保健機能食品：パッケージに記載された内容に限る"	健康食品に関する景品表示法及び健康増進法上の留意事項について（H28.6.30）
33	病	「病」人体への効果効能なら該当箇所を削除（化粧品・雑品）。食品はもちろんNG。単に場所を指す意味の「病院」ならOK。医薬部外品はパッケージに書いている内容ならOK。歯ブラシの場合、「歯周病」等の「予防」「治療」「歯石除去」はNG。「プラーク（歯垢）除去／クリーニング／マッサージ等のブラッシング効果による」という説明付きであれば「歯周病の対策／ケア／トラブルに」はOK。ただし、現時点ではブラッシング効果の説明がなく、「歯周病対策」「歯周病ケア」のみのコピーが記載されていても削除するほどのことではないと判断（2020/3/25時点）	疾病への効果	糖尿病　心臓病　白血病　生活習慣病　病中・病後に　成人病　うつ病　歯周病　万病に　	びょう	薬事区分を確認	医薬品・医療機器	医薬部外品・化粧品・雑品	OKの場合でも承認された効能効果の範囲に限る	"医薬品等適性広告基準【基準３】
薬機法66条　健康増進法32条の2　いわゆる健康食品について（東京都福祉保健局）　消費者庁　健康食品インターネット広告実態調査　検索キーワード　ヤフー薬事抵触事例集
歯ブラシについては行政の見解に基づく日本歯磨工業会員各社の共有事項（2018/02/06）、JARO確認（2020/03）、東京都福祉保健局確認（2020/03）"
34	症	「症」人体への効果効能なら該当箇所を削除（化粧品・雑品）。食品の場合、特定保健用食品（トクホ）で「骨粗鬆症になるリスクを低減するかもしれません」という内容の場合で、パッケージにも同内容の記載がある場合のみOK	疾病への効果	"花粉症にならないために　花粉症予防　認知症　廃用性症候群　自律神経失調症　冷え性　不眠症　月経困難症　子宮内膜症　不妊症　骨粗しょう症　感染症　高脂血症
"	しょう	薬事区分または保健機能食品かを確認	医薬品・医療機器・保健機能食品（パッケージ表現の範囲内）	"医薬部外品・化粧品・雑品※
その他食品"	"医薬品・医療機器：OKの場合でも承認された効能効果の範囲に限る
保健機能食品：パッケージに記載された内容に限る
※脳トレグッズ（DVD含む）やリハビリグッズなどを使用して運動したり考えたりすることにより「認知症予防」と表現したり、温湿度計などを利用して「熱中症に備える」と表現する場合はOK　雑品そのものや雑品の成分そのものの効能効果として人体に影響するように表現したり症状が改善したりするようにとれる場合はNG
食品における季節性疾病等の予防表現はNG
特定疾病に対する効能効果表現はいかなる食品においてもNG"	"医薬品等適性広告基準【基準３】　薬機法68条
薬機法66条　健康増進法32条の2　いわゆる健康食品について（東京都福祉保健局）　消費者庁　健康食品インターネット広告実態調査　検索キーワード　ヤフー薬事抵触事例集　アスクル過去事例"
35	抗体	「抗体」該当箇所を削除（医薬部外品・化粧品・雑品）。食品はもちろんNG	人体の機能改善	抗体強化	こうたい	薬事区分を確認	医薬品・医療機器	医薬部外品・化粧品・雑品	食品における免疫力に係る効果があるかのような表現はＮＧ	"健康食品に関する景品表示法及び健康増進法上の留意事項について（H28.6.30）
消費者庁　健康食品インターネット広告実態調査　検索キーワード　健康増進法32条の2　ヤフー薬事抵触事例集"
36	抵抗力	「抵抗力」該当箇所を削除（化粧品・雑品）。食品はもちろんNG。医薬部外品はパッケージに書いている内容ならOK	人体の機能改善	抵抗力をつける	ていこうりょく	薬事区分を確認	医薬品・医療機器	医薬部外品・化粧品・雑品	食品における免疫力に係る効果があるかのような表現はＮＧ	"健康食品に関する景品表示法及び健康増進法上の留意事項について（H28.6.30）
消費者庁　健康食品インターネット広告実態調査　検索キーワード　健康増進法32条の2　ヤフー薬事抵触事例集"
37	腱鞘炎	「腱鞘炎」人体への効果効能なら該当箇所を削除（化粧品・雑品）。食品はもちろんNG	疾病への効果	腱鞘炎	けんしょうえん	薬事区分を確認	医薬品・医療機器	化粧品・雑品	OKの場合でも承認された効能効果の範囲に限る	
38	肝炎	「肝炎」人体への効果効能なら該当箇所を削除（医薬部外品・化粧品・雑品）。食品はもちろんNG	疾病への効果	肝炎に効く	かんえん	薬事区分を確認	医薬品・医療機器	医薬部外品・化粧品・雑品	食品における疾病治療や予防を目的とする表現はNG	消費者庁　健康食品インターネット広告実態調査　検索キーワードド　健康増進法32条の2　ヤフー健康食品広告表現ガイドライン
39	熱中症	「熱中症」該当箇所を削除（雑品（食品含む））。ただし清涼飲料は全国清涼飲料工業会の基準適合なら「熱中症対策」OKで「熱中症予防」はNG（ゼリーはパッケージに清涼飲料と書いていればOK）。雑品でも商品パッケージに記載されている内容まではOK。	疾病への効果	熱中症対策	ねっちゅうしょう	事実関係を確認	条件適合清涼飲料水	ＯＫの場合以外	"ナトリウム濃度として100mlあたり40～80ml含有する清涼飲料水のみ「熱中症対策」ＯＫ　
※条件適合していても「熱中対策」「熱中症予防」などは紛らわしい表現はNG
また、あめやタブレット等で「熱中症対策」はうたえない。特集タイトルに用いる場合には条件適合する清涼飲料水を集めた場合に限る。"	「熱中症対策」ガイドライン　REPORT JARO
40	痛	「痛」人体に対する効果効能なら該当箇所を削除（化粧品・雑品）。食品はもちろんNG。医薬部外品はパッケージに書いている内容ならOK	疾病への効果	腰痛　痛みをやわらげます　痛みの緩和に	つう	薬事区分を確認	医薬品・医療機器	医薬部外品・化粧品・雑品	"OKの場合でも承認された効能効果の範囲に限る
食品における疾病治療や予防を目的とする表現はNG
"	"医薬品等適性広告基準【基準３】
ヤフー健康食品広告表現ガイドライン"
41	下痢	「下痢」人体への効果効能なら該当箇所を削除（医薬部外品・化粧品・雑品）。食品の場合、機能性表示食品でパッケージ表現の範囲内ならOKでその他の場合はNG	疾病への効果	下痢が治る	げり	、機能性表示食品（パッケージ表現の範囲内）	医薬品・医療機器、機能性表示食品（パッケージ表現の範囲内）	医薬部外品・化粧品・雑品※	食品における疾病治療や予防を目的とする表現はNG	薬機法66条　健康増進法32条の2　消費者庁　健康食品インターネット広告実態調査　検索キーワード　いわゆる健康食品について（東京都福祉保健局）　食品の虚偽誇大広告等の禁止（東京都福祉保健局）
42	予防	「予防」人体への効果効能なら該当箇所を削除（化粧品・雑品）。食品はもちろんNG	疾病への効果	"風邪予防　花粉症予防
生活習慣病の予防　糖尿病の予防　骨粗しょう症予防"	よぼう	薬事区分を確認	医薬品・医療機器・医薬部外品	化粧品・雑品※	"OKの場合でも承認された効能効果の範囲に限る
※雑品であっても物理的にブロックできるもの（マスク・グローブ・嘔吐物キットなど）であれば「二次感染の予防対策」などはOK　「感染予防」「感染対策」「感染予防対策」は感染しないことの保障となるが「予防対策」であれば予防するための対策として利用することと取れるのでOK
食品における疾病治療や予防を目的とする表現はNG
※尚、当該商品が、薬事上効能効果を訴求できる薬剤などを「吐出」又は「噴霧」したりする機器等（雑品）の場合、その文脈から表現のOK/NGを判断する。"	"薬機法66条・68条　医薬品等適性広告基準【基準３】　アスクル過去事例
健康増進法　いわゆる健康食品について（東京都福祉保健局）　アスクル過去事例"
43	対策	「対策」人体への効果効能なら該当箇所を削除（化粧品・雑品）。食品はもちろんNG。医薬部外品はパッケージに書いている内容ならOK	疾病への効果	"風邪予防　花粉症予防
生活習慣病の予防　糖尿病の予防　骨粗しょう症予防"	たいさく	薬事区分を確認	医薬品・医療機器	医薬部外品・化粧品・雑品※	"OKの場合でも承認された効能効果の範囲に限る
※雑品であっても物理的にブロックできるもの（マスク・グローブ・嘔吐物キットなど）であれば「二次感染の予防対策」などはOK　「感染予防」「感染対策」「感染予防対策」は感染しないことの保障となるが「予防対策」であれば予防するための対策として利用することと取れるのでOK
食品における疾病治療や予防を目的とする表現はNG
※尚、当該商品が、薬事上効能効果を訴求できる薬剤などを「吐出」又は「噴霧」したりする機器等（雑品）の場合、その文脈から表現のOK/NGを判断する。"	"薬機法66条・68条　医薬品等適性広告基準【基準３】　アスクル過去事例
健康増進法　いわゆる健康食品について（東京都福祉保健局）　アスクル過去事例"
44	治療	「治療」人体への効果効能なら該当箇所を削除（医薬部外品・化粧品・雑品）。食品はもちろんNG	疾病への効果	治療効果　治す　治る	ちりょう	薬事区分を確認	医薬品・医療機器	医薬部外品・化粧品・雑品※	食品における疾病治療や予防を目的とする表現はNG	健康増進法　いわゆる健康食品について（東京都福祉保健局）　　ヤフー薬事抵触事例集
45	治る	「治る」人体への効果効能なら該当箇所を削除（医薬部外品・化粧品・雑品）。食品はもちろんNG	疾病への効果	末期ガンが治る　虫歯が治る	なおる	薬事区分を確認	医薬品・医療機器	医薬部外品・化粧品・雑品※	食品における疾病治療や予防を目的とする表現はNG	薬機法66条　健康増進法32条の2　消費者庁　健康食品インターネット広告実態調査　検索キーワード　いわゆる健康食品について（東京都福祉保健局）　食品の虚偽誇大広告等の禁止（東京都福祉保健局）
46	抗ガン	「抗ガン」該当箇所を削除（医薬部外品・化粧品・雑品）。食品はもちろんNG	疾病への効果	抗ガン	こうがん	薬事区分を確認	医薬品・医療機器	医薬部外品・化粧品・雑品	OKの場合でも承認された効能効果の範囲に限る	
47	抗がん	「抗がん」該当箇所を削除（医薬部外品・化粧品・雑品）。食品はもちろんNG	疾病への効果	抗がん	こうがん	薬事区分を確認	医薬品・医療機器	医薬部外品・化粧品・雑品	OKの場合でも承認された効能効果の範囲に限る	
48	老廃物	「老廃物」該当箇所を削除（医薬部外品・化粧品・雑品）。食品はもちろんNG	疾病への効果	老廃物を出す	ろうはいぶつ	薬事区分を確認	医薬品・医療機器	医薬部外品・化粧品・雑品	OKの場合でも承認された効能効果の範囲に限る	
49	更年期	「更年期」人体への効果効能なら該当箇所を削除（化粧品・雑品）。食品の場合、保健機能食品（特定保健用食品（トクホ）、機能性表示食品、栄養機能食品のいずれか）でパッケージ表現の範囲内ならOKでその他の場合はNG	疾病への効果	更年期障害、更年期のお悩みに	こうねんき	薬事区分または保健機能食品かを確認	医薬品・医療機器・保健機能食品（パッケージ表現の範囲内）	"医薬部外品・化粧品・雑品
その他食品"	"医薬品・医療機器：OKの場合でも承認された効能効果の範囲に限る
保健機能食品：パッケージに記載された内容に限る"	
50	よみがえ	「よみがえ」該当箇所を削除（医薬部外品・化粧品・雑品）。食品はもちろんNG	人体の機能改善	10年前のお肌によみがえる　よみがえり	よみがえ	薬事区分を確認	医薬品・医療機器	医薬部外品・化粧品・雑品	"OKの場合でも承認された効能効果の範囲に限る
食品における身体の組織に影響を与えるような表現はNG"	"医薬品等適性広告基準【基準３】　化粧品等の適正広告ガイドライン
薬機法66条　健康増進法32条の2　消費者庁　健康食品インターネット広告実態調査　検索キーワード　ヤフー健康食品広告表現ガイドライン"
51	豊胸	「豊胸」該当箇所を削除（医薬部外品・化粧品・雑品）。食品はもちろんNG	人体の機能改善	豊胸	ほうきょう	薬事区分を確認	医薬品・医療機器	医薬部外品・化粧品・雑品	"OKの場合でも承認された効能効果の範囲に限る
食品における身体の組織に影響を与えるような表現はNG"	"医薬品等適性広告基準【基準３】
薬機法66条　健康増進法32条の2　消費者庁　健康食品インターネット広告実態調査　検索キーワード　ヤフー健康食品広告表現ガイドライン"
52	バストアップ	「バストアップ」該当箇所を削除（医薬部外品・化粧品・雑品）。食品はもちろんNG	人体の機能改善	バストアップ	バストアップ	薬事区分を確認	医薬品・医療機器	医薬部外品・化粧品・雑品	"OKの場合でも承認された効能効果の範囲に限る
食品における身体の組織に影響を与えるような表現はNG"	"医薬品等適性広告基準【基準３】
薬機法66条　健康増進法32条の2　消費者庁　健康食品インターネット広告実態調査　検索キーワード　ヤフー健康食品広告表現ガイドライン"
53	わかがえ	「わかがえ」該当箇所を削除（医薬部外品・化粧品・雑品）。食品はもちろんNG	人体の機能改善	10年前のお肌に若返る　若返り	わかがえ	薬事区分を確認	医薬品・医療機器	医薬部外品・化粧品・雑品	"OKの場合でも承認された効能効果の範囲に限る
食品における身体の組織に影響を与えるような表現はNG"	"医薬品等適性広告基準【基準３】　化粧品等の適正広告ガイドライン
薬機法66条　健康増進法32条の2　消費者庁　健康食品インターネット広告実態調査　検索キーワード　ヤフー健康食品広告表現ガイドライン"
54	歯周	「歯周病」「歯周疾患」該当箇所を削除。（化粧品・雑品）歯ブラシの場合、「歯周病」等の「予防」「治療」「歯石除去」はNG。「プラーク（歯垢）除去／クリーニング／マッサージ等のブラッシング効果による」という説明付きであれば「歯周病の対策／ケア／トラブルに」はOK。ただし、現時点ではブラッシング効果の説明がなく、「歯周病対策」「歯周病ケア」のみのコピーが記載されていても削除するほどのことではないと判断（2020/3/25時点）	人体の機能改善	"歯周病に
歯周疾患に"	ししゅう	薬事区分を確認	医薬品・医療機器・医薬部外品	"化粧品・雑品
歯ブラシは場合によってはOK
"	OKの場合でも承認された効能効果の範囲に限る	"行政の見解に基づく日本歯磨工業会員各社の共有事項（2018/02/06）
JARO確認（2019/03）、東京都福祉保健局確認（2020/03）"
55	便通	「便通」人体への効果効能なら該当箇所を削除（化粧品・雑品）。食品の場合、保健機能食品（特定保健用食品（トクホ）、機能性表示食品、栄養機能食品のいずれか）でパッケージ表現の範囲内ならOKでその他の場合はNG	人体の機能改善	便通の改善に役立つ	べんつう	薬事区分または保健機能食品かを確認	医薬品・医療機器・医薬部外品・保健機能食品（パッケージ表現の範囲内）	"化粧品・雑品
その他食品"	"医薬品・医療機器・医薬部外品：OKの場合でも承認された効能効果の範囲に限る
保健機能食品：パッケージに記載された内容に限る"	
56	お通じ	「お通じ」人体への効果効能なら該当箇所を削除（化粧品・雑品）。食品の場合、保健機能食品（特定保健用食品（トクホ）、機能性表示食品、栄養機能食品のいずれか）でパッケージ表現の範囲内ならOKでその他の場合はNG	人体の機能改善	お通じがよくなる	おつうじ	薬事区分または保健機能食品かを確認	医薬品・医療機器・医薬部外品・保健機能食品（パッケージ表現の範囲内）	"化粧品・雑品
その他食品"	"医薬品・医療機器・医薬部外品：OKの場合でも承認された効能効果の範囲に限る
保健機能食品：パッケージに記載された内容に限る"	
57	発汗	「発汗」人体への効果効能なら該当箇所を削除（食品）。ただし「発汗後の補給」という意味ならOK。また、入浴剤（医薬部外品）で入浴後の効果として発汗はOK	疾病への効果	発汗を促す	はっかん	使用禁止				
58	記憶力	「記憶力」人体への効果効能なら該当箇所を削除（医薬部外品・化粧品・雑品）。食品の場合、保健機能食品（特定保健用食品（トクホ）、機能性表示食品、栄養機能食品のいずれか）でパッケージ表現の範囲内ならOKでその他の場合はNG	人体の機能改善	記憶力を高める	きおくりょく	薬事区分または保健機能食品かを確認	医薬品・医療機器・保健機能食品（パッケージ表現の範囲内）	"医薬部外品・化粧品・雑品
その他食品"	"医薬品・医療機器：OKの場合でも承認された効能効果の範囲に限る
保健機能食品：パッケージに記載された内容に限る"	
59	物忘	「物忘れ」該当箇所を削除（医薬部外品・化粧品・雑品）。食品はもちろんNG	疾病への効果	物忘れ・認知症の予防	ものわすれ	薬事区分を確認	医薬品・医療機器	医薬部外品・化粧品・雑品	OKの場合でも承認された効能効果の範囲に限る	"健康食品に関する景品表示法及び健康増進法上の留意事項について（H28.6.30）
医薬品等適性広告基準【基準３】"
60	リウマチ	「リウマチ」該当箇所を削除（化粧品・雑品）。食品はもちろんNG。医薬部外品はパッケージに書いている内容ならOK	疾病への効果	リウマチに悩まされている方に	りうまち	薬事区分を確認	医薬品・医療機器	医薬部外品・化粧品・雑品	OKの場合でも承認された効能効果の範囲に限る	"健康食品に関する景品表示法及び健康増進法上の留意事項について（H28.6.30）
医薬品等適性広告基準【基準３】"
61	ヘルニア	「ヘルニア」該当箇所を削除（医薬部外品・化粧品・雑品）。食品はもちろんNG	疾病への効果	ヘルニア予防に	へるにあ	薬事区分を確認	医薬品・医療機器	医薬部外品・化粧品・雑品	OKの場合でも承認された効能効果の範囲に限る	"健康食品に関する景品表示法及び健康増進法上の留意事項について（H28.6.30）
医薬品等適性広告基準【基準３】"
62	MRSA	「MRSA」該当箇所を削除（医薬部外品・化粧品・雑品）。食品はもちろんNG	疾病への効果	MRSA対策	えむあーるえすえー	薬事区分を確認	医薬品・医療機器	医薬部外品・化粧品・雑品	OKの場合でも承認された効能効果の範囲に限る	
65	アレルゲン	「アレルゲン」該当箇所を削除（特別用途食品以外の食品）。食品は「アレルギーの原因物質となるアレルゲン●●を含んでいない（不使用）」等の仕様説明の旨であればOK	疾病への効果	アレルゲン除去食品	あれるげん	食品の種類を確認	特別用途食品	ＯＫの場合以外	"特別用途食品を除く食品ではNG。
食品は「アレルギーの原因物質となるアレルゲン●●を含んでいない（不使用）」等の仕様説明の旨であればOK"	消費者庁　健康食品インターネット広告実態調査　検索キーワード　健康増進法32条の2
66	ウイルス	「ウイルス」特定の菌・ウイルスが書いてある場合、該当箇所を削除（化粧品・雑品）。ふき取る意味での場合や科学的根拠がある場合は、特定の名称なしに「除菌」「除ウイルス」はNGではない。食品はもちろんNG。（OK例：マスクで「ウイルス飛沫対策」。NG例：「ノロウイルスを除去」「コロナウイルスに効果的」）その他、各工業会で自主基準が設けられている場合があるので参照。	疾病への効果	ウイルス対策　ウイルスに備えよう　アロマでウイルス抑制　アルコールでウイルス除去	ういるす	薬事区分を確認	医薬品・医療機器・雑品※	化粧品・雑品※	"客観的・合理的根拠があれば「抗ウイルス」「ウイルス除去」「ウイルスをブロック」等なら雑品でもOK。
ただし、特定の菌・ウイルス（大腸菌、ブドウ球菌、ノロウイルス、インフルエンザウイルスなど）を訴求したり、菌・ウイルスを殺菌する表現をすれば医薬品等とみなされNG。"	"医薬品等適性広告基準【基準３】　アスクル過去事例　日本衛生材料工業連合会相談結果
消費者庁　健康食品インターネット広告実態調査　検索キーワード　健康増進法32条の2"
67	ウィルス	「ウィルス」特定の菌・ウィルスが書いてある場合、該当箇所を削除（化粧品・雑品）。ふき取る意味での場合や科学的根拠がある場合は、特定の名称なしに「除菌」「除ウィルス」はNGではない。食品はもちろんNG。（OK例：マスクで「ウィルス飛沫対策」。NG例：「ノロウィルスを除去」「コロナウィルスに効果的」）その他、各工業会で自主基準が設けられている場合があるので参照。	疾病への効果	ウイルス対策　ウイルスに備えよう　アロマでウイルス抑制　アルコールでウイルス除去	うぃるす	薬事区分を確認	医薬品・医療機器・雑品※	化粧品・雑品※	"客観的・合理的根拠があれば「抗ウイルス」「ウイルス除去」「ウイルスをブロック」等なら雑品でもOK。
ただし、特定の菌・ウイルス（大腸菌、ブドウ球菌、ノロウイルス、インフルエンザウイルスなど）を訴求したり、菌・ウイルスを殺菌する表現をすれば医薬品等とみなされNG。"	"医薬品等適性広告基準【基準３】　アスクル過去事例　日本衛生材料工業連合会相談結果
消費者庁　健康食品インターネット広告実態調査　検索キーワード　健康増進法32条の2"
68	アトピー	「アトピー」該当箇所を削除（雑品）。食品はもちろんNG	疾病への効果	アトピー肌に	あとぴー	薬事区分を確認	医薬品・医療機器・医薬部外品・化粧品※条件付	雑品	"OKの場合でも承認された効能効果の範囲に限る
※医薬部外品・化粧品はアトピーでも使える理由が明確になっていることが条件
「アトピーでも大丈夫」「アトピーが治る」「アトピーを改善する」など保証表現や治療を意味する表現はNG"	"医薬品等適性広告基準【基準３】　ヤフー健康食品広告表現ガイドライン
薬機法66条　健康増進法32条の2　消費者庁　健康食品インターネット広告実態調査　検索キーワード　ヤフー薬事抵触事例集"
69	吹き出物	「吹き出物」該当箇所を削除（雑品）。食品はもちろんNG	疾病への効果	吹き出物	ふきでもの	薬事区分を確認	医薬品・医療機器・医薬部外品※条件付	化粧品・雑品	"ＯＫの場合でも承認された効果の範囲に限る
好転反応を示唆する表現はＮＧ（例：一時的に吹き出物などの反応が出ることがありますが、体内浄化のための初期症状ですのでそのまま摂取を続けてください。）"	医薬品的な効能効果について（東京都福祉保健局）
70	吹き出もの	「吹き出もの」該当箇所を削除（雑品）。食品はもちろんNG	疾病への効果	吹き出もの	ふきでもの	薬事区分を確認	医薬品・医療機器・医薬部外品※条件付	化粧品・雑品	"ＯＫの場合でも承認された効果の範囲に限る
好転反応を示唆する表現はＮＧ（例：一時的に吹き出物などの反応が出ることがありますが、体内浄化のための初期症状ですのでそのまま摂取を続けてください。）"	医薬品的な効能効果について（東京都福祉保健局）
71	体内浄化	「体内浄化」該当箇所を削除（雑品）。食品はもちろんNG	疾病への効果	体内浄化	たいないじょうか	薬事区分を確認	医薬品・医療機器・医薬部外品※条件付	化粧品・雑品	"ＯＫの場合でも承認された効果の範囲に限る
好転反応を示唆する表現はＮＧ（例：一時的に吹き出物などの反応が出ることがありますが、体内浄化のための初期症状ですのでそのまま摂取を続けてください。）"	医薬品的な効能効果について（東京都福祉保健局）
72	患者	「患者」該当箇所を削除（特別用途食品以外の食品）	疾病への効果	患者用　糖尿病患者用	かんじゃ	食品の種類を確認	特別用途食品	ＯＫの場合以外	特別用途食品を除く食品における特別用途表現はNG	消費者庁　健康食品インターネット広告実態調査　検索キーワード　健康増進法32条の2
73	貧血	「貧血」該当箇所を削除（化粧品・雑品）。食品はもちろんNG。医薬部外品はパッケージに書いている内容ならOK	疾病への効果	貧血対策	ひんけつ	薬事区分を確認	医薬品・医療機器	医薬部外品・化粧品・雑品	"PIMチェック対象（登録時）
OKの場合でも承認された効能効果の範囲に限る"	医薬品等適性広告基準【基準３】　化粧品等の適正広告ガイドライン
74	夏バテ	「夏バテ」該当箇所を削除（食品）	疾病への効果	夏バテ防止　夏バテに効果的	なつばて	使用禁止			食品における疾病治療や予防を目的とする表現はNG	東京都相談結果
75	夏ばて	「夏ばて」該当箇所を削除（食品）	疾病への効果	夏ばて防止　夏ばてに効果的	なつばて	使用禁止			食品における疾病治療や予防を目的とする表現はNG	東京都相談結果
76	心臓	「心臓」→「心臓の弱い方に」など病者を使用者とする表現は医薬品的な表現になるので削除（雑品）。食品はもちろんNG	疾病への効果	心臓の弱い方に	しんぞう	薬事区分を確認	医薬品・医療機器	医薬部外品・化粧品・雑品	OKの場合でも承認された効能効果の範囲に限る	医薬品的な効能効果について（東京都福祉保健局）
77	ガンが	「ガン｣病名なら該当箇所を削除（食品）	疾病への効果	末期ガンが治る	がん	使用禁止				健康食品に関する景品表示法及び健康増進法上の留意事項について（H28.6.30）
78	癌	「癌」該当箇所を削除（食品）	疾病への効果	癌に効く	がん	使用禁止			食品における疾病治療や予防を目的とする表現はNG	消費者庁　健康食品インターネット広告実態調査　検索キーワード　健康増進法32条の2
79	腫瘍	「腫瘍｣該当箇所を削除（食品）	疾病への効果	抗腫瘍	しゅよう	使用禁止				いわゆる健康食品について（H28.10.3）
80	脳梗塞	「脳梗塞」該当箇所を削除（食品）	疾病への効果	脳梗塞	のうこうそく	使用禁止			食品における疾病治療や予防を目的とする表現はNG	消費者庁　健康食品インターネット広告実態調査　検索キーワード　健康増進法32条の2
81	脳出血	「脳出血」該当箇所を削除（食品）	疾病への効果	脳出血	のうしゅっけつ	使用禁止			食品における疾病治療や予防を目的とする表現はNG	消費者庁　健康食品インターネット広告実態調査　検索キーワード　健康増進法32条の2
82	脳卒中	「脳卒中」該当箇所を削除（食品）	疾病への効果	脳卒中	のうそっちゅう	使用禁止			食品における疾病治療や予防を目的とする表現はNG	消費者庁　健康食品インターネット広告実態調査　検索キーワード　健康増進法32条の2
83	喘息	「喘息」該当箇所を削除（食品）	疾病への効果	喘息	ぜんそく	使用禁止			食品における疾病治療や予防を目的とする表現はNG	ペットフード等における医薬品的な表示
84	胃もたれ	「胃もたれ」該当箇所を削除（食品）	疾病への効果	胃もたれ	いもたれ	使用禁止			食品における疾病治療や予防を目的とする表現はNG	消費者庁　健康食品インターネット広告実態調査　検索キーワード　健康増進法32条の2
85	胸やけ	「胸やけ」該当箇所を削除（食品）	疾病への効果	胸やけ	むねやけ	使用禁止			食品における疾病治療や予防を目的とする表現はNG	消費者庁　健康食品インターネット広告実態調査　検索キーワード　健康増進法32条の2
86	吐き気	「吐き気」該当箇所を削除（食品）	疾病への効果	吐き気	はきけ	使用禁止			食品における疾病治療や予防を目的とする表現はNG	消費者庁　健康食品インターネット広告実態調査　検索キーワード　健康増進法32条の2
87	はきけ	「はきけ」該当箇所を削除（食品）	疾病への効果	はきけ	はきけ	使用禁止			食品における疾病治療や予防を目的とする表現はNG	消費者庁　健康食品インターネット広告実態調査　検索キーワード　健康増進法32条の2
88	立ちくらみ	「立ちくらみ」該当箇所を削除（食品）	疾病への効果	立ちくらみ	たちくらみ	使用禁止			食品における疾病治療や予防を目的とする表現はNG	消費者庁　健康食品インターネット広告実態調査　検索キーワード　健康増進法32条の2
89	めまい	「めまい」該当箇所を削除（食品）	疾病への効果	めまい	めまい	使用禁止			食品における疾病治療や予防を目的とする表現はNG	消費者庁　健康食品インターネット広告実態調査　検索キーワード　健康増進法32条の2
90	不眠	「不眠」該当箇所を削除（食品）	疾病への効果	不眠	ふみん	使用禁止			食品における疾病治療や予防を目的とする表現はNG	消費者庁　健康食品インターネット広告実態調査　検索キーワード　健康増進法32条の2
91	動悸	「動悸」該当箇所を削除（食品）	疾病への効果	動悸	どうき	使用禁止			食品における疾病治療や予防を目的とする表現はNG	消費者庁　健康食品インターネット広告実態調査　検索キーワード　健康増進法32条の2
92	だるさ	「だるさ」人体への効果効能なら該当箇所を削除（化粧品・雑品）。食品の場合、保健機能食品（特定保健用食品（トクホ）、機能性表示食品、栄養機能食品のいずれか）でパッケージ表現の範囲内ならOKでその他の場合はNG	疾病への効果	だるさ	だるさ	薬事区分または保健機能食品かを確認	医薬品・医療機器・保健機能食品（パッケージ表現の範囲内）	"医薬部外品・化粧品・雑品※
その他食品"	"医薬品・医療機器：OKの場合でも承認された効能効果の範囲に限る
保健機能食品：パッケージに記載された内容に限る"	薬機法66条　健康増進法32条の2　消費者庁　健康食品インターネット広告実態調査　検索キーワード　いわゆる健康食品について（東京都福祉保健局）　食品の虚偽誇大広告等の禁止（東京都福祉保健局）
93	虫歯	「虫歯」→「虫歯にならない」と断定なら該当箇所を削除（食品）なお「虫歯の原因にならない甘味料を使用」はOK。歯ブラシの場合、虫歯の「治療」「歯石除去」はNG。「プラーク（歯垢）除去／クリーニング／マッサージ等のブラッシング効果による」という説明付きであれば「虫歯予防／対策／ケア／トラブルに」はOK。ただし、現時点ではブラッシング効果の説明がなく、「虫歯予防」「虫歯対策」のみのコピーが記載されていても削除するほどのことではないと判断（2020/3/25時点）	疾病への効果	虫歯予防	むしば	薬事区分を確認	医薬品・医療機器・医薬部外品	"化粧品・雑品
歯ブラシは場合によってはOK"	OKの場合でも承認された効能効果の範囲に限る	"行政の見解に基づく日本歯磨工業会員各社の共有事項（2018/02/06）
JARO確認（2019/03）、東京都福祉保健局確認（2020/03）"
94	難聴	「難聴｣該当箇所を削除（食品）	疾病への効果	難聴を改善	なんちょう	使用禁止				いわゆる健康食品について（H28.10.3）
95	回復	「回復」人体への効果効能なら該当箇所を削除（食品）。但し、保健機能食品（特定保健用食品（トクホ）、機能性表示食品、栄養機能食品のいずれか）でパッケージ表現の範囲内ならOKでその他の場合はNG	疾病への効果	疲労回復　精力回復　視力回復　	かいふく	保健機能食品かを確認	保健機能食品（パッケージ表現の範囲内）	その他食品	保健機能食品：パッケージに記載された内容に限る	いわゆる健康食品について（東京都福祉保健局）　食品の虚偽誇大広告等の禁止（東京都福祉保健局）　ヤフー健康食品広告表現ガイドライン
96	肝斑	「肝斑｣該当箇所を削除（食品）	疾病への効果	肝斑に効く	かんぱん	使用禁止			食品における疾病治療や予防を目的とする表現はNG	ヤフー健康食品広告表現ガイドライン
98	作用	「作用」人体への効果効能なら該当箇所を削除（食品）。但し、保健機能食品（特定保健用食品（トクホ）、機能性表示食品、栄養機能食品のいずれか）でパッケージ表現の範囲内ならOKでその他の場合はNG	疾病への効果	発汗作用　利尿作用　抗酸化作用	さよう	保健機能食品かを確認	保健機能食品（パッケージ表現の範囲内）	その他食品	保健機能食品：パッケージに記載された内容に限る	いわゆる健康食品について（東京都福祉保健局）　ヤフー健康食品広告表現ガイドライン
99	シミ	「シミ」人体への効果効能なら該当箇所を削除（食品）	疾病への効果	シミ、シワ、タルミでお悩みの方	しみ	使用禁止			食品における身体の組織に影響を与えるような表現はNG	いわゆる健康食品について（東京都保健福祉局）
100	消化不良	「消化不良」該当箇所を削除（食品）	疾病への効果	消化不良を改善	しょうかふりょう	使用禁止			食品における疾病治療や予防を目的とする表現はNG	ヤフー健康食品広告表現ガイドライン
101	シワ	「シワ」人体への効果効能なら該当箇所を削除（食品）	疾病への効果	シミ、シワ、タルミでお悩みの方	しわ	使用禁止			食品における身体の組織に影響を与えるような表現はNG	いわゆる健康食品について（東京都保健福祉局）
102	カゼ	「カゼ」該当箇所を削除（医薬部外品・化粧品・雑品）。食品はもちろんNG。ただし、ティッシュ等の広告表現で、風邪、花粉症などの症状がある場合における使用についてならOK。	疾病への効果	「風邪」と同じ	かぜ	薬事区分を確認	医薬品・医療機器	医薬部外品・化粧品・雑品		
103	食中毒	「食中毒」人体に対する効果効能なら該当箇所を削除（医薬品以外）	疾病への効果	食中毒対策　食中毒予防に	しょくちゅうどく	薬事区分を確認	医薬品	医薬部外品・化粧品・雑品	OKの場合でも承認された効能効果の範囲に限る（一部の医薬品のみ）	医薬品等適性広告基準【基準３】　アスクル過去事例
104	Ｏ157	「O157」人体に対する効果効能なら該当箇所を削除（医薬品以外）	疾病への効果	Ｏ157効果実証	おーいちごなな	薬事区分を確認	医薬品	医薬部外品・化粧品・雑品	OKの場合でも承認された効能効果の範囲に限る（一部の医薬品のみ）	医薬品等適性広告基準【基準３】　アスクル過去事例
105	Ｏ-157	「O-157」人体に対する効果効能なら該当箇所を削除（医薬品以外）	疾病への効果	Ｏ157効果実証	おーいちごなな	薬事区分を確認	医薬品	医薬部外品・化粧品・雑品	OKの場合でも承認された効能効果の範囲に限る（一部の医薬品のみ）	医薬品等適性広告基準【基準３】　アスクル過去事例
106	ノロウイルス	「ノロウイルス」特定のウィルスに対する効果効能なら該当箇所を削除（雑品・化粧品）	疾病への効果	ノロウイルスに効く	のろういるす	薬事区分を確認	医薬品	医薬部外品・化粧品・雑品	OKの場合でも承認された効能効果の範囲に限る（一部の医薬品のみ）	医薬品等適性広告基準【基準３】　アスクル過去事例
107	ノロウィルス	「ノロウィルス」特定のウィルスに対する効果効能なら該当箇所を削除（雑品・化粧品）	疾病への効果	ノロウイルスに効く	のろうぃるす	薬事区分を確認	医薬品	医薬部外品・化粧品・雑品	OKの場合でも承認された効能効果の範囲に限る（一部の医薬品のみ）	医薬品等適性広告基準【基準３】　アスクル過去事例
108	ブドウ球菌	「ブドウ球菌」特定の菌に対する効果効能なら該当箇所を削除（雑品・化粧品）	疾病への効果	ブドウ球菌を除菌	ぶどうきゅうきん	薬事区分を確認	医薬品	医薬部外品・化粧品・雑品	OKの場合でも承認された効能効果の範囲に限る（一部の医薬品のみ）	医薬品等適性広告基準【基準３】　アスクル過去事例
109	大腸菌	「大腸菌」特定の菌に対する効果効能なら該当箇所を削除（雑品・化粧品）	疾病への効果	大腸菌を除菌	だいちょうきん	薬事区分を確認	医薬品	医薬部外品・化粧品・雑品	OKの場合でも承認された効能効果の範囲に限る（一部の医薬品のみ）	医薬品等適性広告基準【基準３】　アスクル過去事例
110	感染	「感染」人体に対する効果効能なら該当箇所を削除（化粧品・雑品）	疾病への効果	感染対策　感染を防ぐ	かんせん	薬事区分を確認	医薬品・医療機器・医薬部外品	化粧品・雑品※	"OKの場合でも承認された効能効果の範囲に限る
※雑品であっても物理的にブロックできるもの（マスク・グローブ・嘔吐物キットなど）であれば「二次感染の予防対策」などはOK　「感染予防」「感染対策」「感染予防対策」は感染しないことの保障となるが「予防対策」であれば予防するための対策として利用することと取れるのでOK
※尚、当該商品が、薬事上効能効果を訴求できる薬剤などを「吐出」又は「噴霧」したりする機器等（雑品）の場合、その文脈から表現のOK/NGを判断する。"	医薬品等適性広告基準【基準３】
111	不活化	「不活化」菌、ウイルスへの効果なら該当箇所を削除	疾病への効果	ノロウイルスに対する不活化効果を実証	ふかつか	使用禁止	医薬品・医薬部外品	化粧品・雑品	殺菌、滅菌を想起させる。	"・アスクル過去事例
・JARO→東京都薬務課への確認（2024/3/11)"
112	ケミカルピーリング	「ケミカルピーリング」該当箇所を削除	疾病への効果	本品でケミカルピーリングを体験して下さい	けみかるぴーりんぐ	薬事区分を確認	医薬品・医療機器		"OKの場合でも承認された効能効果の範囲に限る
「ケミカルピーリング」は医療行為
"	"医薬品等適性広告基準【基準３】
http://www.fukushihoken.metro.tokyo.jp/kenkou/iyaku/sonota/koukoku/huteki/iyabu_cos/ihan06.html
化粧品等の適正広告ガイドライン"
113	快便	「快便」該当箇所を削除（医薬部外品・化粧品・雑品）。食品はもちろんNG	疾病への効果	便秘対策　便秘予防　便秘解消　便秘　宿便を排泄　快便	かいべん	薬事区分を確認	医薬品・医療機器	医薬部外品・化粧品・雑品		
114	排尿	「排尿」該当箇所を削除（化粧品・雑品）。食品の場合、保健機能食品（特定保健用食品（トクホ）、機能性表示食品、栄養機能食品のいずれか）でパッケージ表現の範囲内ならOKでその他の場合はNG。医薬部外品はパッケージに書いている内容ならOK	疾病への効果	排尿促進効果	はいにょう	薬事区分または保健機能食品かを確認	医薬品・医療機器・保健機能食品（パッケージ表現の範囲内）	"医薬部外品・化粧品・雑品
その他食品"	"医薬品・医療機器：OKの場合でも承認された効能効果の範囲に限る
保健機能食品：パッケージに記載された内容に限る"	
115	宿便	「宿便」該当箇所を削除（医薬部外品・化粧品・雑品）。食品はもちろんNG	疾病への効果	便秘対策　便秘予防　便秘解消　便秘　宿便を排泄　快便	しゅくべん	薬事区分を確認	医薬品・医療機器	医薬部外品・化粧品・雑品		
116	漢方	「漢方」該当箇所を削除（医薬品以外）	疾病への効果	漢方成分抽出物　漢方処方	かんぽう	薬事区分を確認	医薬品	医療機器・医薬部外品・化粧品・雑品	医薬品でも条件があるので都度確認が必要	医薬品等適性広告基準【基準３】　OTC医薬品等の適正広告ガイドライン
117	口臭	「口臭」医薬品的効果のような表現なら該当箇所を削除（雑品）。香りで臭いを覆う（マスキング効果）のは雑品等ならOK。	疾病への効果	口臭を防ぐ	こうしゅう	薬事区分を確認	医薬品・医療機器・医薬部外品・化粧品※条件付	雑品	"OKの場合でも承認された効能効果の範囲に限る
※化粧品は使用時にブラッシングを行う歯磨き類であることが条件"	医薬品等適性広告基準【基準３】
118	殺菌	「殺菌」該当箇所を削除（化粧品・雑品）。ただし①商品名またはパッケージに表記されている表現、かつ ②他社の多くが表示している表現などでOKとなる場合もあるので、必要ならば広告表示審査部門に個別に確認（例：「殺菌灯」（雑品）で「殺菌」はOK、など）。部門内にてはNB品広告表現判断表で確認。	疾病への効果	殺菌	さっきん	薬事区分を確認	医薬品・医療機器・医薬部外品	化粧品・雑品	"OKの場合でも承認された効能効果の範囲に限る
合成洗剤または石けんではNG"	医薬品等適性広告基準【基準３】　東京都　医薬品等広告講習会資料スライドP68　家庭用合成洗剤及び家庭用石けんの表示に関する公正競争規約
119	消毒	「消毒」該当箇所を削除（化粧品・雑品）。ただし①商品名またはパッケージに表記されている表現、かつ ②他社の多くが表示している表現などでOKとなる場合もあるので、必要ならば広告表示審査部門に個別に確認（例：靴底用「消毒液」（雑品）で「消毒」など）。部門内にてはNB品広告表現判断表で確認。	疾病への効果	消毒	しょうどく	薬事区分を確認	医薬品・医療機器・医薬部外品・消毒用エタノールの代替品として手指消毒に使用可能	化粧品・雑品	"OKの場合でも承認された効能効果の範囲に限る
複数商品にかかる形で使用する場合には（ページコピーやヘッドやタイトルなど）すべての商品が消毒と言える商品でなければならない。
高濃度エタノール製品（60vol%以上）であること　※volは体積比"	"医薬品等適性広告基準【基準３】
令和２年４月 22 日付事務連絡『新型コロナウイルス感染症の 発生に伴う高濃度エタノール製品の使用について（改定（その２））"
120	体験	「体験」人体への効果や安全性の保証なら該当箇所を削除（医薬品・医薬部外品・化粧品）。雑品であっても食品の場合、身体の機能改善となる体験談はNG	疾病への効果	"個人の体験であり、効果を保証するものではありません。
体験談"	たいけん	内容を確認	雑品	医薬品・医療機器・医薬部外品・化粧品		医薬品等適性広告基準
121	服用	「服用」該当箇所を削除（医療機器・化粧品・雑品）	疾病への効果	服用量	ふくよう	薬事区分を確認	医薬品・医薬部外品	医療機器・化粧品・雑品	医薬品、医薬部外品以外は医薬品的な用法用量の表現ができない	
122	感想	「感想」人体への効果や安全性の保証なら該当箇所を削除（医薬品・医薬部外品・化粧品）。雑品であっても食品の場合、身体の機能改善となる感想はNG	疾病への効果	個人の感想であり、効果を保証するものではありません。	かんそう	内容を確認	雑品	医薬品・医療機器・医薬部外品・化粧品		医薬品等適性広告基準
123	ストレス	「ストレス」人体への効果効能なら該当箇所を削除（化粧品・雑品）。「ストレスフリー」などの手間がないという意味や商品使用時に不快感を発生させにくい等の意味ならOK。食品の場合、機能性表示食品でパッケージ表現の範囲内ならOKでその他の場合はNG	疾病への効果	ストレスを軽減	すとれす	薬事区分を確認、食品の種類を確認	医薬品・医療機器・医薬部外品、機能性表示食品（パッケージ表現の範囲内）	化粧品・雑品	OKの場合でも承認された効能効果の範囲に限る	医薬品等適性広告基準【基準３】
124	そばかす	「そばかす」該当箇所を削除（食品）	疾病への効果	"そばかすを防ぐ
そばかすを消す　そばかすを防ぐ"	そばかす	薬事区分を確認	医薬品・医療機器・医薬部外品※条件付	化粧品・雑品	"食品における身体の組織に影響を与えるような表現はNG
OKの場合でも承認された効能効果の範囲に限る
※医薬部外品は承認された効能効果に対応する「メラニンの生成を抑え、しみ・そばかすを防ぐ」等の範囲でありその説明表示があることが条件
化粧品でもメーキャップ効果によりシミを隠す旨の表現ならOK"	"医薬品等適性広告基準【基準３】　化粧品等の適正広告ガイドライン
ヤフー薬事抵触事例集"
125	悩み	「悩み」人体への効果効能なら該当箇所を削除（化粧品・雑品）。食品の場合、保健機能食品（特定保健用食品（トクホ）、機能性表示食品、栄養機能食品のいずれか）でパッケージ表現の範囲内ならOKでその他の場合はNG	疾病への効果	お肌の悩みにチカラを発揮	なやみ	薬事区分または保健機能食品かを確認	医薬品・医療機器・医薬部外品・保健機能食品（パッケージ表現の範囲内）	"化粧品・雑品
その他食品"	"医薬品・医療機器・医薬部外品：OKの場合でも承認された効能効果の範囲に限る
保健機能食品：パッケージに記載された内容に限る
悩み＝病気ととれるので化粧品・雑品ではNG　「タイプ」ならOK"	
126	バリア	「バリア」バリア機能を整える（高める）はNG。バリア機能をサポートする（守る）はOK（化粧品・雑品）。食品の場合、機能性表示食品でパッケージ表現の範囲内ならOKでその他の場合はNG	疾病への効果	"バリア機能を整える
バリア機能を高める"	ばりあ	薬事区分を確認、食品の種類を確認	医薬品・医療機器、機能性表示食品（パッケージ表現の範囲内）	医薬部外品・化粧品・雑品	OKの場合でも承認された効能効果の範囲に限る	医薬品等適性広告基準【基準３】
127	ボトックス	「ボトックス」該当箇所を削除（化粧品・雑品）	疾病への効果	ボトックス	ぼとっくす	薬事区分を確認	医薬品・医療機器・医薬部外品	化粧品・雑品	"OKの場合でも承認された効能効果の範囲に限る
ボトックスはシワ取りを連想するワードとされている"	医薬品等適性広告基準【基準３】　東京都広告講習会質疑応答
128	むくみ	"「むくみ」軽減なら該当箇所を削除（化粧品・雑品）。ただし理由があって「むくみにくい」ならNGではない。食品の場合、機能性表示食品でパッケージ表現の範囲内ならOKでその他の場合はNG。医薬部外品はパッケージに書いている内容ならOK
"	疾病への効果	むくみを軽減	むくみ	薬事区分を確認、食品の種類を確認	医薬品・医療機器、機能性表示食品（パッケージ表現の範囲内）	医薬部外品・化粧品・雑品	OKの場合でも承認された効能効果の範囲に限る	アスクル過去事例
129	有効成分	"「有効成分」該当箇所を削除（医療機器・化粧品・雑品）
ただし、雑品において薬事的な意味（人体への効果効能の意味）を持たない（誤認も含めて）ものであればＯＫ。"	疾病への効果	有効成分	ゆうこうせいぶん	薬事区分を確認	医薬品・医薬部外品	医療機器・化粧品・雑品	"化粧品はそのほとんどが薬理作用によって効能効果が認められたものではないので「有効成分」とは言えない。
（「化粧品」と「薬用化粧品（医薬部外品）」の大きな違いは「有効成分」が配合されているか、いないかである。「化粧品」は肌の保湿や、清浄など、製品全体としてその効果が期待されているので「有効成分」というものはない。よって「有効成分」という言葉は使えない。）
・雑品において薬事的な意味（人体への効果効能の意味）を持たない（誤認も含めて）ものであればＯＫの例：「対物ウエットワイパー。孟宗竹より抽出の有効成分で消臭。」"	化粧品等の適正広告ガイドライン
130	細胞	「細胞」人体への効果効能なら該当箇所を削除（化粧品・雑品）。食品の場合、保健機能食品（特定保健用食品（トクホ）、機能性表示食品、栄養機能食品のいずれか）でパッケージ表現の範囲内ならOKでその他の場合はNG。医薬部外品はパッケージに書いている内容ならOK	人体の機能改善	細胞の活性化	さいぼう	薬事区分または保健機能食品かを確認	医薬品・医療機器・保健機能食品（パッケージ表現の範囲内）	"医薬部外品・化粧品・雑品
その他食品"	"医薬品・医療機器：OKの場合でも承認された効能効果の範囲に限る
保健機能食品：パッケージに記載された内容に限る
栄養機能食品の機能表示「ビタミンＥは、抗酸化作用により、体内の脂質を酸化から守り、細胞の健康維持を助ける栄養素です。」"	いわゆる健康食品について（H28.10.3）
131	代謝	「代謝」該当箇所を削除（医薬部外品・化粧品・雑品）。食品の場合、保健機能食品（特定保健用食品（トクホ）、機能性表示食品、栄養機能食品のいずれか）でパッケージ表現の範囲内ならOKでその他の場合はNG	人体の機能改善	"新陳代謝を盛んにする
代謝向上　新陳代謝促進　基礎代謝を向上させる"	たいしゃ	薬事区分または保健機能食品かを確認	医薬品・医療機器・保健機能食品（パッケージ表現の範囲内）	"医薬部外品・化粧品・雑品
その他食品"	"医薬品・医療機器：OKの場合でも承認された効能効果の範囲に限る
保健機能食品：パッケージに記載された内容に限る
栄養機能食品の機能表示「亜鉛は、たんぱく質・核酸の代謝に関与して、健康の維持に役立つ栄養素です。」"	"いわゆる健康食品について（H28.10.3）
消費者庁　健康食品インターネット広告実態調査　検索キーワード　健康増進法32条の2
"
132	視力	「視力」該当箇所を削除（食品）。但し、保健機能食品（特定保健用食品（トクホ）、機能性表示食品、栄養機能食品のいずれか）でパッケージ表現の範囲内ならOKでその他の場合はNG	人体の機能改善	"視力回復
夜間の視力の維持"	しりょく	保健機能食品かを確認	保健機能食品（パッケージ表現の範囲内）	その他食品	"保健機能食品：パッケージに記載された内容に限る
栄養機能食品の機能表示「ビタミンＡは、夜間の視力の維持を助ける栄養素です。」"	"いわゆる健康食品について（H28.10.3）
ヤフー薬事抵触事例集"
133	脳	「脳」人体への効果効能なら該当箇所を削除（化粧品・雑品）。食品の場合、保健機能食品（特定保健用食品（トクホ）、機能性表示食品、栄養機能食品のいずれか）でパッケージ表現の範囲内ならOKでその他の場合はNG。ただし知育玩具で「脳を活性化」等ならOK。医薬部外品はパッケージに書いている内容ならOK	人体の機能改善	脳を活性化する	のう	"薬事区分または保健機能食品かを確認
事実関係を確認"	医薬品・医療機器・保健機能食品（パッケージ表現の範囲内）	"医薬部外品・化粧品・雑品
その他食品"	"医薬品・医療機器：OKの場合でも承認された効能効果の範囲に限る
保健機能食品：パッケージに記載された内容に限る"	
134	乾燥肌	「乾燥肌」該当箇所を削除（食品）	人体の機能改善	乾燥肌の予防	かんそうはだ	使用禁止			食品における身体の組織に影響を与えるような表現はNG	消費者庁　健康食品インターネット広告実態調査　検索キーワード　健康増進法32条の2
135	体力	「体力｣該当箇所を削除（食品）	人体の機能改善	体力増強	たいりょく	使用禁止				"健康食品に関する景品表示法及び健康増進法上の留意事項について（H28.6.30）
いわゆる健康食品について（H28.10.3）"
136	学力	「学力｣該当箇所を削除（食品）	人体の機能改善	学力向上	がくりょく	使用禁止				いわゆる健康食品について（H28.10.3）
137	血液	「血液」該当箇所を削除（食品）。但し、保健機能食品（特定保健用食品（トクホ）、機能性表示食品、栄養機能食品のいずれか）でパッケージ表現の範囲内ならOKでその他の場合はNG	人体の機能改善	"血液浄化
血液さらさら　血液の流れを良くする"	けつえき	保健機能食品かを確認	保健機能食品（パッケージ表現の範囲内）	その他食品	"保健機能食品：パッケージに記載された内容に限る
栄養機能食品の機能表示「マグネシウムは、多くの体内酵素の正常な働きとエネルギー産生を助けるとともに、血液循環を正常に保つのに必要な栄養素です。」"	"いわゆる健康食品について（H28.10.3）
ヤフー薬事抵触事例集"
138	成長促進	「成長促進｣該当箇所を削除（食品）	人体の機能改善	成長促進	せいちょうそくしん	使用禁止				いわゆる健康食品について（H28.10.3）
139	ホルモン	「ホルモン｣人体への効果効能なら該当箇所を削除（化粧品・雑品）。食品の場合、保健機能食品（特定保健用食品（トクホ）、機能性表示食品、栄養機能食品のいずれか）でパッケージ表現の範囲内ならOKでその他の場合はNG。医薬部外品はパッケージに書いている内容ならOK	人体の機能改善	ホルモンのバランスを整える	ほるもん	薬事区分または保健機能食品かを確認	医薬品・医療機器・保健機能食品（パッケージ表現の範囲内）	"医薬部外品・化粧品・雑品
その他食品"	"医薬品・医療機器：OKの場合でも承認された効能効果の範囲に限る
保健機能食品：パッケージに記載された内容に限る"	いわゆる健康食品について（H28.10.3）
140	分泌	「分泌」該当箇所を削除（化粧品・雑品）。食品の場合、保健機能食品（特定保健用食品（トクホ）、機能性表示食品、栄養機能食品のいずれか）でパッケージ表現の範囲内ならOKでその他の場合はNG。医薬部外品はパッケージに書いている内容ならOK	疾病への効果	女性の分泌バランスを整える	ぶんぴつ	薬事区分または保健機能食品かを確認	医薬品・医療機器・保健機能食品（パッケージ表現の範囲内）	"医薬部外品・化粧品・雑品
その他食品"	"医薬品・医療機器：OKの場合でも承認された効能効果の範囲に限る
保健機能食品：パッケージに記載された内容に限る"	"健康食品に関する景品表示法及び健康増進法上の留意事項について（H28.6.30）
医薬品等適性広告基準【基準３】"
141	膿	「膿｣該当箇所を削除（食品）	人体の機能改善	膿をおそうじ	うみ	使用禁止				いわゆる健康食品について（H28.10.3）
142	胃腸	「胃腸」該当箇所を削除（食品）	人体の機能改善	胃腸をよくする	いちょう	使用禁止			食品における身体の組織に影響を与えるような表現はNG	薬機法66条　健康増進法32条の2
143	関節	「関節」該当箇所を削除（食品）。但し、保健機能食品（特定保健用食品（トクホ）、機能性表示食品、栄養機能食品のいずれか）品でパッケージ表現の範囲内ならOKでその他の場合はNG	人体の機能改善	関節の潤滑油となる　関節液を作る　関節痛に	かんせつ	保健機能食品かを確認	保健機能食品（パッケージ表現の範囲内）	その他食品	保健機能食品：パッケージに記載された内容に限る	ヤフー健康食品広告表現ガイドライン
144	捻挫	「捻挫」該当箇所を削除（食品）	人体の機能改善	捻挫等に対し効果をもたらす	ねんざ	使用禁止			食品における身体の組織に影響を与えるような表現はNG	ペットフード等における医薬品的な表示
145	肝臓	「肝臓」該当箇所を削除（食品）。但し、保健機能食品（特定保健用食品（トクホ）、機能性表示食品、栄養機能食品のいずれか）でパッケージ表現の範囲内ならOKでその他の場合はNG	人体の機能改善	肝臓に働きかけます	かんぞう	保健機能食品かを確認	保健機能食品（パッケージ表現の範囲内）	その他食品	保健機能食品：パッケージに記載された内容に限る	ヤフー健康食品広告表現ガイドライン
146	肝細胞	「肝細胞」該当箇所を削除（食品）	人体の機能改善	肝細胞に働きかけます	かんさいぼう	使用禁止			食品における身体の組織に影響を与えるような表現はNG	ヤフー健康食品広告表現ガイドライン
147	腎臓	「腎臓」該当箇所を削除（食品）	人体の機能改善	腎臓に働きかけます	じんぞう	使用禁止			食品における身体の組織に影響を与えるような表現はNG	ヤフー健康食品広告表現ガイドライン
148	甲状腺	「甲状腺」該当箇所を削除（食品）	人体の機能改善	甲状腺機能の低下を防ぐ	こうじょうせん	使用禁止			食品における放射能（放射線）に伴う疾病に効果があるかのうような表現はNG	消費者庁　健康食品インターネット広告実態調査　検索キーワード　健康増進法32条の2
149	促進	「促進」人体への効果効能なら該当箇所を削除（食品）。但し、保健機能食品（特定保健用食品（トクホ）、機能性表示食品、栄養機能食品のいずれか）でパッケージ表現の範囲内ならOKでその他の場合はNG	人体の機能改善	新陳代謝促進　ターンオーバーを促進する　老廃物の排出を促進する　成長促進	そくしん	保健機能食品かを確認	保健機能食品（パッケージ表現の範囲内）	その他食品	保健機能食品：パッケージに記載された内容に限る	いわゆる健康食品について（東京都福祉保健局）　ヤフー健康食品広告表現ガイドライン
150	タルミ	「タルミ」人体への効果効能なら該当箇所を削除（食品）	人体の機能改善	シミ、シワ、タルミでお悩みの方	たるみ	使用禁止			食品における身体の組織に影響を与えるような表現はNG	いわゆる健康食品について（東京都保健福祉局）
151	たるみ	「たるみ」人体への効果効能なら該当箇所を削除（食品）	人体の機能改善	しみ、しわ、たるみでお悩みの方	たるみ	使用禁止			食品における身体の組織に影響を与えるような表現はNG	いわゆる健康食品について（東京都保健福祉局）
152	肉体改造	「肉体改造」該当箇所を削除（食品）	人体の機能改善	肉体改造	にくたいかいぞう	使用禁止			意図的な健康の増強を標榜する表現はNG	健康増進法　いわゆる健康食品について（東京都福祉保健局）　
153	抗老化	「抗老化」該当箇所を削除（食品）	人体の機能改善	抗老化　	こうろうか	使用禁止			食品における身体の組織に影響を与えるような表現はNG	医薬品等適性広告基準【基準３】　消費者庁　健康食品インターネット広告実態調査　検索キーワード　健康増進法32条の2　ヤフー健康食品広告表現ガイドライン
154	ダイエット	「ダイエット」きわめて短期間でやせる旨、減食や運動なしでやせる旨なら該当箇所を削除（食品）。摂取カロリーを抑えることでやせる旨、減食、運動を伴ってやせる旨ならOK	人体の機能改善	1週間で10キロダイエット　飲むだけでダイエット　食事制限せずにダイエット　運動は不要でダイエット	だいえっと	前後関係を確認	"摂取カロリーを抑えることでやせる旨
減食、運動を伴ってやせる旨"	"きわめて短期間でやせる旨
食事制限・減食や運動なしでやせる旨"	"きわめて短期間でやせるような表現、減食や運動なしでやせるような痩身効果を標榜する表現はNG
「ダイエットの強い味方」「ダイエットケア成分」などは前後関係や広告全体に配慮すればOK"	消費者庁　健康食品インターネット広告実態調査　検索キーワード　健康増進法32条の2　ヤフー健康食品広告表現ガイドライン
155	やせる	「やせる」きわめて短期間でやせる旨、減食や運動なしでやせる旨なら該当箇所を削除（食品）。摂取カロリーを抑えることでやせる旨、減食、運動を伴ってやせる旨ならOK	人体の機能改善	1週間で10キロやせる　飲むだけでやせる　食事制限せずにやせる　運動は不要でやせる	やせる	前後関係を確認	"摂取カロリーを抑えることでやせる旨
減食、運動を伴ってやせる旨"	"きわめて短期間でやせる旨
減食や運動なしでやせる旨"	きわめて短期間でやせるような表現、減食や運動なしでやせるような痩身効果を標榜する表現はNG	消費者庁　健康食品インターネット広告実態調査　検索キーワード　健康増進法32条の2　ヤフー健康食品広告表現ガイドライン
156	痩	「痩」きわめて短期間でやせる旨、減食や運動なしでやせる旨なら該当箇所を削除（食品）。摂取カロリーを抑えることでやせる旨、減食、運動を伴ってやせる旨ならOK	人体の機能改善	1週間で10キロ痩せる　飲むだけで痩せる　食事制限せずに痩せる　運動は不要で痩せる　痩身効果	そう	前後関係を確認	"摂取カロリーを抑えることでやせる旨
減食、運動を伴ってやせる旨"	"きわめて短期間でやせる旨
減食や運動なしでやせる旨"	きわめて短期間でやせるような表現、減食や運動なしでやせるような痩身効果を標榜する表現はNG	消費者庁　健康食品インターネット広告実態調査　検索キーワード　健康増進法32条の2　ヤフー健康食品広告表現ガイドライン
157	おなか	「おなか」人体に対する効果効能なら該当箇所を削除（食品）。但し、保健機能食品（特定保健用食品（トクホ）、機能性表示食品、栄養機能食品のいずれか）でパッケージ表現の範囲内ならOKでその他の場合はNG	人体の機能改善	おなかスッキリ　おなかの中からスッキリ　おなかの調子を整える	おなか	保健機能食品かを確認	保健機能食品（パッケージ表現の範囲内）	その他食品	"保健機能食品：パッケージに記載された内容に限る
特定部位×効能効果の組み合わせは要注意
例「おなか満足」は効能効果ではないのでOK"	消費者庁　健康食品インターネット広告実態調査　検索キーワード　健康増進法32条の2　食品の虚偽誇大広告等の禁止（東京都福祉保健局）　ヤフー健康食品広告表現ガイドライン
158	お腹	「お腹」人体に対する効果効能なら該当箇所を削除（食品）。但し、保健機能食品（特定保健用食品（トクホ）、機能性表示食品、栄養機能食品のいずれか）でパッケージ表現の範囲内ならOKでその他の場合はNG	人体の機能改善	お腹スッキリ　お腹の中からスッキリ　お腹の調子を整える	おなか	保健機能食品かを確認	保健機能食品（パッケージ表現の範囲内）	その他食品	"保健機能食品：パッケージに記載された内容に限る
特定部位×効能効果の組み合わせは要注意
例「お腹満足」は効能効果ではないのでOK"	消費者庁　健康食品インターネット広告実態調査　検索キーワード　健康増進法32条の2　食品の虚偽誇大広告等の禁止（東京都福祉保健局）　ヤフー健康食品広告表現ガイドライン
159	ウエスト	「ウエスト」人体に対する効果効能なら該当箇所を削除（食品）。但し、保健機能食品（特定保健用食品（トクホ）、機能性表示食品、栄養機能食品のいずれか）でパッケージ表現の範囲内ならOKでその他の場合はNG	人体の機能改善	ウエストスッキリ　ウエストぺったんこ	うえすと	保健機能食品かを確認	保健機能食品（パッケージ表現の範囲内）	その他食品	"保健機能食品：パッケージに記載された内容に限る
特定部位×効能効果の組み合わせは要注意
※新商品DBではチェック対象から除外（2019/10/3）"	消費者庁　健康食品インターネット広告実態調査　検索キーワード　健康増進法32条の2　ヤフー健康食品広告表現ガイドライン
160	くびれ	「くびれ」人体に対する効果効能なら該当箇所を削除（食品）。但し、保健機能食品（特定保健用食品（トクホ）、機能性表示食品、栄養機能食品のいずれか）でパッケージ表現の範囲内ならOKでその他の場合はNG	人体の機能改善	くびれ美人、くびれができる	くびれ	保健機能食品かを確認	保健機能食品（パッケージ表現の範囲内）	その他食品	"保健機能食品：パッケージに記載された内容に限る
特定部位×効能効果の組み合わせは要注意"	
161	脂肪	「脂肪」人体に対する効果効能なら該当箇所を削除（食品）。但し、保健機能食品（特定保健用食品（トクホ）、機能性表示食品、栄養機能食品のいずれか）でパッケージ表現の範囲内ならOKでその他の場合はNG	人体の機能改善	脂肪の吸収をおだやかにします　脂肪がつきにくい　脂肪燃焼　脂肪を分解　脂肪を対外に排出　脂肪細胞に作用　脂肪を消費しやすくする　中性脂肪を下げる　余分な脂肪の代謝を促す	しぼう	保健機能食品かを確認	保健機能食品（パッケージ表現の範囲内）	その他食品	"保健機能食品：パッケージに記載された内容に限る
体内に蓄積された脂肪の分解、排泄表現はNG
食品の原料が持つ薬理的作用による効果のような表現はNG"	消費者庁　健康食品インターネット広告実態調査　検索キーワード　健康増進法32条の2　いわゆる健康食品について（東京都福祉保健局）　ヤフー健康食品広告表現ガイドライン
162	燃焼	「燃焼」人体への効果効能なら該当箇所を削除（食品）。但し、保健機能食品（特定保健用食品（トクホ）、機能性表示食品、栄養機能食品のいずれか）でパッケージ表現の範囲内ならOKでその他の場合はNG。気持ちの燃焼はOK	人体の機能改善	脂肪を燃焼	ねんしょう	"保健機能食品かを確認
前後関係を確認"	保健機能食品（パッケージ記載）、気持ちの燃焼ととれる場合	"摂取することで身体組織に働きかけるととれる場合
その他食品"	"保健機能食品：パッケージに記載された内容に限る
ただし「燃焼系」などの表現を「ダイエットをがんばる」という気持ちの燃焼という意味ととれる場合にはOK"	薬機法　健康増進法　消費者庁行政指導　JARO見解
163	食事制限	「食事制限」や減食、運動なしでやせる旨なら該当箇所を削除（食品）。摂取カロリーを抑えることでやせる旨、減食、運動を伴ってやせる旨ならOK	人体の機能改善	食事制限しなくてもなりたい自分に	しょくじせいげん	前後関係を確認	気持ちの燃焼ととれる場合	"きわめて短期間でやせる旨
食事制限・減食や運動なしでやせる旨"	"きわめて短期間でやせるような表現、減食や運動なしでやせるような痩身効果を標榜する表現はNG
「ダイエットの強い味方」「ダイエットケア成分」などは前後関係や広告全体に配慮すればOK"	平成30年度健康食品試買調査結果（東京都）
164	飲むだけ	「飲むだけ」で食事制限や減食、運動なしでやせる旨なら該当箇所を削除（食品）。摂取カロリーを抑えることでやせる旨、減食、運動を伴ってやせる旨ならOK	人体の機能改善	飲むだけでなりたい自分に	のむだけ	前後関係を確認	"摂取カロリーを抑えることでやせる旨
減食、運動を伴ってやせる旨"	"きわめて短期間でやせる旨
食事制限・減食や運動なしでやせる旨"	"きわめて短期間でやせるような表現、減食や運動なしでやせるような痩身効果を標榜する表現はNG
「ダイエットの強い味方」「ダイエットケア成分」などは前後関係や広告全体に配慮すればOK"	平成30年度健康食品試買調査結果（東京都）
165	食べるだけ	「食べるだけ」で食事制限や減食、運動なしでやせる旨なら該当箇所を削除（食品）。摂取カロリーを抑えることでやせる旨、減食、運動を伴ってやせる旨ならOK	人体の機能改善	食べるだけでなりたい自分に	たべるだけ	前後関係を確認	"摂取カロリーを抑えることでやせる旨
減食、運動を伴ってやせる旨"	"きわめて短期間でやせる旨
食事制限・減食や運動なしでやせる旨"	"きわめて短期間でやせるような表現、減食や運動なしでやせるような痩身効果を標榜する表現はNG
「ダイエットの強い味方」「ダイエットケア成分」などは前後関係や広告全体に配慮すればOK"	平成30年度健康食品試買調査結果（東京都）
167	神経	「神経」人体への効果効能なら該当箇所を削除（化粧品・雑品）。食品の場合、保健機能食品（特定保健用食品（トクホ）、機能性表示食品、栄養機能食品のいずれか）で「神経管閉鎖障害を持つ子どもが生まれるリスクを低減するかもしれません」という内容の場合で、パッケージにも同内容の記載がある場合のみOK。機能性表示食品でパッケージ表現の範囲内ならOKでその他の場合はNG。医薬部外品はパッケージに書いている内容ならOK	人体の機能改善	自律神経を整える	しんけい	薬事区分を確認、保健機能食品かを確認（疾病リスク低減表示）	医薬品・医療機器・保健機能食品（パッケージ表現の範囲内）	"医薬部外品・化粧品・雑品
その他食品"	"医薬品・医療機器：OKの場合でも承認された効能効果の範囲に限る
保健機能食品：パッケージに記載された内容に限る"	医薬品等適性広告基準【基準３】
168	筋肉	「筋肉」人体への効果効能なら、運動を伴う旨がセットになっている場合はOKでそうでないなら該当箇所を削除。食品の場合、保健機能食品（特定保健用食品（トクホ）、機能性表示食品、栄養機能食品のいずれか）でパッケージ表現の範囲内ならOKでその他の場合はNG	人体の機能改善	筋肉増強　筋肉もりもり	きんにく	"薬事区分または保健機能食品かを確認
上記以外は前後関係を確認"	医薬品・医療機器・保健機能食品（パッケージ表現の範囲内）・運動を伴う旨がセットになっている場合	"運動などを伴わず摂取するだけととれる場合
その他食品"	"医薬品・医療機器：OKの場合でも承認された効能効果の範囲に限る
保健機能食品：パッケージに記載された内容に限る
ただし「運動を伴う筋肉の増強」など、人が自らの意志で増やすことのできる「筋肉」は「運動」というキーワードを用いれば謳えるケースもある"	ヤフー健康食品広告表現ガイドライン　東京都薬務課見解　JARO見解
169	血糖値	「血糖値」該当箇所を削除（食品）。但し、保健機能食品（特定保健用食品（トクホ）、機能性表示食品、栄養機能食品のいずれか）でパッケージ表現の範囲内ならOKでその他の場合はNG。	人体の機能改善	血糖値を下げる	けっとうち	保健機能食品かを確認	保健機能食品（パッケージ表現の範囲内）	その他食品	保健機能食品：パッケージに記載された内容に限る	消費者庁　健康食品インターネット広告実態調査　検索キーワード　健康増進法32条の2
170	体重	「体重」減少効果なら該当箇所を削除（食品）。但し、保健機能食品（特定保健用食品（トクホ）、機能性表示食品、栄養機能食品のいずれか）でパッケージ表現の範囲内ならOKでその他の場合はNG。また「摂取カロリーを抑えることでやせる」「減食、運動を伴ってやせる」はNGではない	人体の機能改善	減量　体重減少　1週間で10キロやせる　飲むだけでやせる　食事制限せずにやせる　運動は不要でやせる	たいじゅう	"保健機能食品かを確認
前後関係を確認"	保健機能食品（パッケージ表現の範囲内）・摂取カロリーを抑えることでやせる旨・減食、運動を伴ってやせる旨	"きわめて短期間でやせる旨
減食や運動なしでやせる旨
その他食品"	"保健機能食品：パッケージに記載された内容に限る
前後関係や広告全体で都度判断が必要
きわめて短期間でやせるような表現、減食や運動なしでやせるような痩身効果を標榜する表現はNG"	消費者庁　健康食品インターネット広告実態調査　検索キーワード　健康増進法32条の2　ヤフー健康食品広告表現ガイドライン
171	コレステロール	「コレステロール」人体への効果効能なら該当箇所を削除（食品）。但し保健機能食品（特定保健用食品（トクホ）、機能性表示食品、栄養機能食品のいずれか）でパッケージ表現の範囲内ならOKでその他の場合はNG。なお単に事実としての意味の「コレストロールゼロ」はOK	人体の機能改善	コレステロールの吸収を抑えます　血中コレステロールを低下させる　コレステロールの上昇を抑制する	これすてろーる	保健機能食品かを確認	保健機能食品（パッケージ表現の範囲内）	その他食品	保健機能食品：パッケージに記載された内容に限る	消費者庁　健康食品インターネット広告実態調査　検索キーワード　健康増進法32条の2　ヤフー薬事抵触事例集
172	増強	「増強」体力増強などの人体への効果効能なら、運動を伴う旨がセットになっている場合はOKでそうでないなら該当箇所を削除	人体の機能改善	体力増強　筋肉増強	ぞうきょう	前後関係を確認	運動を伴う旨がセットになっている場合	運動などを伴わず摂取するだけととれる場合	"食品における身体の組織に影響を与えるような表現はNG
ただし「運動を伴う筋肉の増強」など、人が自らの意志で増やすことのできる「筋肉」は「運動」というキーワードを用いれば謳えるケースもある"	いわゆる健康食品について（東京都福祉保健局）　ヤフー健康食品広告表現ガイドライン　JARO見解
173	腸	「腸」該当箇所を削除（食品）。但し、保健機能食品（特定保健用食品（トクホ）、機能性表示食品、栄養機能食品のいずれか）でパッケージ表現の範囲内ならOKでその他の場合はNG。	人体の機能改善	腸の中からスッキリ　腸の内側からすっきりキレイ　腸内を活性化　腸を整える	ちょう	保健機能食品かを確認	保健機能食品（パッケージ表現の範囲内）	その他食品※	"保健機能食品：パッケージに記載された内容に限る
特定部位×効能効果の組み合わせは要注意
※乳酸菌などで「生きたまま腸に届く」などは事実であればOK"	消費者庁　健康食品インターネット広告実態調査　検索キーワード　健康増進法32条の2　ヤフー健康食品広告表現ガイドライン　JARO見解
174	手足	「手足」該当箇所を削除（食品）。但し、保健機能食品（特定保健用食品（トクホ）、機能性表示食品、栄養機能食品のいずれか）でパッケージ表現の範囲内ならOKでその他の場合はNG。	人体の機能改善	手足ぽかぽか　手足の冷たさに　手足の血行をよくする	てあし	保健機能食品かを確認	保健機能食品（パッケージ表現の範囲内）	その他食品	"保健機能食品：パッケージに記載された内容に限る
特定部位×効能効果の組み合わせは要注意"	ヤフー健康食品広告表現ガイドライン
175	眼	「眼」人体への効果効能なら該当箇所を削除（食品）。但し、保健機能食品（特定保健用食品（トクホ）、機能性表示食品、栄養機能食品のいずれか）でパッケージ表現の範囲内ならOKでその他の場合はNG。	人体の機能改善	目の調子を整える　目に良い　目の健康をサポート　デスクワークが多い目に	め	保健機能食品かを確認	保健機能食品（パッケージ表現の範囲内）	その他食品	"保健機能食品：パッケージに記載された内容に限る
特定部位×効果効能の組み合わせは要注意"	健康増進法　食品表示法　ヤフー健康食品広告表現ガイドライン
176	発毛	「発毛」該当箇所を削除（雑品・化粧品）。医薬部外品なら「発毛促進」に限ってOK。食品はもちろんNG	人体の機能改善	発毛効果	はつもう	薬事区分を確認	医薬品・医療機器、医薬部外品（発毛促進に限る）	雑品・化粧品、医薬部外品（発毛と言い切っている場合）		医薬品等適性広告基準【基準３】
177	育毛	「育毛」該当箇所を削除（化粧品・雑品）。食品はもちろんNG	人体の機能改善	育毛効果	いくもう	薬事区分を確認	医薬品・医療機器・医薬部外品	化粧品・雑品		医薬品等適性広告基準【基準３】
178	増毛	「増毛」該当箇所を削除（雑品・化粧品・医薬部外品）。食品はもちろんNG	人体の機能改善	増毛	ぞうもう	薬事区分を確認	医薬品・医療機器	雑品・化粧品、医薬部外品		医薬品等適性広告基準【基準３】
179	血圧	「血圧」人体への効果効能なら該当箇所を削除（化粧品・雑品）。食品の場合、保健機能食品（特定保健用食品（トクホ）、機能性表示食品、栄養機能食品のいずれか）でパッケージ表現の範囲内ならOKでその他の場合はNG。医薬部外品はパッケージに書いている内容ならOK	人体の機能改善	"高血圧対策　高血圧予防　高血圧の人は
血圧が高めの方へ"	こうけつあつ	薬事区分または保健機能食品かを確認	医薬品・医療機器・保健機能食品（パッケージ表現の範囲内）	"医薬部外品・化粧品・雑品
その他食品"	"医薬品・医療機器：OKの場合でも許可・届出された効果・機能に限る
保健機能食品：パッケージに記載された内容に限る"	医薬品等適性広告基準【基準３】消費者庁　健康食品インターネット広告実態調査　検索キーワード　健康増進法32条の2　いわゆる健康食品について（東京都福祉保健局）　食品の虚偽誇大広告等の禁止（東京都福祉保健局）　ヤフー健康食品広告表現ガイドライン
180	抑制	「抑制」人体への効果効能なら該当箇所を削除（化粧品・雑品）。食品の場合、保健機能食品（特定保健用食品（トクホ）、機能性表示食品、栄養機能食品のいずれか）でパッケージ表現の範囲内ならOKでその他の場合はNG。医薬部外品はパッケージに書いている内容ならOK。	人体の機能改善	食欲を抑制する	よくせい	薬事区分または保健機能食品かを確認	医薬品・医療機器・保健機能食品（パッケージ表現の範囲内）	"医薬部外品・化粧品・雑品※
その他食品"	"医薬品・医療機器：OKの場合でも許可・届出された効果・機能に限る
保健機能食品：パッケージに記載された内容に限る"	いわゆる健康食品について（東京都福祉保健局）　ヤフー健康食品広告表現ガイドライン
181	エイジングケア	「エイジングケア」人体への効果効能なら該当箇所を削除（食品）	疾病への効果	プルプルコラーゲンでエイジングケア	えいじんぐけあ	使用禁止				
182	美白	「美白」該当箇所を削除（化粧品（薬用化粧品なら条件付きOK）・雑品）。食品はもちろんNG	人体の機能改善	美白	びはく	薬事区分を確認	医薬品・医療機器・医薬部外品・化粧品※条件付	雑品	"OKの場合でも承認された効能効果の範囲に限る
※「美白効果」は薬機法で定められた効能効果ではないので一定のルールに従うことを条件に医薬部外品・化粧品でもOK
医薬部外品（薬用化粧品含む）⇒承認を受けた効能効果の範囲とし、しばり表現を併記する
一般化粧品⇒メーキャップ効果による肌を白く見せる表現までとする
食品は身体の組織に影響を与える表示となるためNG"	"医薬品等適性広告基準【基準３】　化粧品等の適正広告ガイドラインE14　REPORT JARO
薬機法66条　健康増進法32条の2　消費者庁　健康食品インターネット広告実態調査　検索キーワーﾄﾞ　ヤフー健康食品広告表現ガイドライン"
183	美肌	「美肌」人体への効果効能の場合、該当箇所を削除（雑品）。食品の場合、保健機能食品（特定保健用食品（トクホ）、機能性表示食品、栄養機能食品のいずれか）でパッケージ表現の範囲内ならOKでその他の場合はNG。	人体の機能改善	美肌効果	びはだ	薬事区分または保健機能食品かを確認	医薬品・医療機器・医薬部外品・化粧品・保健機能食品（パッケージ表現の範囲内）	"雑品
その他食品"	"医薬品・医療機器・医薬部外品・化粧品：OKの場合でも許可・届出された効果・機能に限る
保健機能食品：パッケージに記載された内容に限る
特定部位にあたる表示はいわゆる健康食品ではNG
特定部位×効果効能の組み合わせは要注意"	"医薬品等適性広告基準【基準３】
健康増進法32条の2　消費者庁　健康食品インターネット広告実態調査　検索キーワード　ヤフー健康食品広告表現ガイドライン　アスクル過去事例
食品においては一部例外を除き基本的に使用NG"
184	皮膚	「皮膚」人体への効果効能の場合、該当箇所を削除（化粧品・雑品）。食品の場合、保健機能食品（特定保健用食品（トクホ）、機能性表示食品、栄養機能食品のいずれか）でパッケージ表現の範囲内ならOKでその他の場合はNG。医薬部外品はパッケージに書いている内容ならOK。	人体の機能改善	皮膚にうるおい　皮膚の内側から澄んだ美しさ　皮膚のハリアップ	ひふ	薬事区分または保健機能食品かを確認	医薬品・医療機器・医薬部外品・化粧品・保健機能食品（パッケージ表現の範囲内）	"雑品
その他食品"	"医薬品・医療機器・医薬部外品：OKの場合でも承認された効能効果の範囲に限る
保健機能食品：パッケージに記載された内容に限る
特定部位×効果効能の組み合わせは要注意"	"医薬品等適性広告基準【基準３】
健康増進法32条の2　消費者庁　健康食品インターネット広告実態調査　検索キーワード　ヤフー健康食品広告表現ガイドライン
食品においては一部例外を除き基本的に使用NG"
185	ホワイトニング	"（肌の）「ホワイトニング」該当箇所を削除（雑品）。食品はもちろんNG。化粧品の場合は条件付きでOK。（化粧品OK：メークアップ効果である旨が明らかな表現、化粧品NG：肌質（肌色）そのものが変化する旨の表現）
（参照：「化粧品等の適正広告ガイドライン」　項目/E15）"	人体の機能改善	ホワイトニング効果	ほわいとにんぐ	薬事区分を確認	医薬品・医療機器・医薬部外品・化粧品※条件付	雑品	"OKの場合でも承認された効能効果の範囲に限る
※（肌の）「ホワイトニング効果」は薬機法で定められた効能効果ではないので一定のルールに従うことを条件に医薬部外品・化粧品でもOK
医薬部外品⇒承認を受けた効能効果の範囲とし、しばり表現を併記する
化粧品⇒メーキャップ効果による肌を白く見せる表現までとする
食品における身体の組織に影響を与えるような表現はNG"	"医薬品等適性広告基準【基準３】　化粧品等の適正広告ガイドラインE15
薬機法66条　健康増進法32条の2　消費者庁　健康食品インターネット広告実態調査　検索キーワード"
186	若返	「若返」該当箇所を削除（医薬部外品・化粧品・雑品）。食品はもちろんNG	人体の機能改善	10年前のお肌に若返る　若返り	わかがえ	薬事区分を確認	医薬品・医療機器	医薬部外品・化粧品・雑品	"OKの場合でも承認された効能効果の範囲に限る
食品における身体の組織に影響を与えるような表現はNG"	"医薬品等適性広告基準【基準３】　化粧品等の適正広告ガイドライン
薬機法66条　健康増進法32条の2　消費者庁　健康食品インターネット広告実態調査　検索キーワード　ヤフー健康食品広告表現ガイドライン"
187	疲労	「疲労」人体への効果効能なら該当箇所を削除（化粧品・雑品）。雑品で理由があって「疲れにくい」はNGではない。MROや事務用品などで、「疲れにくい」と同義で「疲労軽減」、「疲労低減」はNGではない（例：足元マット、握りやすいグリップ、ハサミなど）。食品の場合、保健機能食品（特定保健用食品（トクホ）、機能性表示食品、栄養機能食品のいずれか）でパッケージ表現の範囲内ならOKでその他の場合はNG。	人体の機能改善	疲労軽減　肌疲労へエネルギッシュ・ナイトケア	ひろう	薬事区分または保健機能食品かを確認	医薬品・医療機器・医薬部外品・保健機能食品（パッケージ表現の範囲内）	"化粧品・雑品
その他食品"	"医薬品・医薬部外品：OKの場合でも承認された効能効果の範囲に限る
保健機能食品：パッケージに記載された内容に限る
「疲れにくい」や「負担を減らす」なら雑品でもOK
食品における身体の組織に影響を与えるような表現はNG"	"医薬品等適性広告基準【基準３】
健康増進法32条の2　ヤフー健康食品広告表現ガイドライン"
188	活性化	「活性化」人体への効果なら該当箇所を削除（化粧品・雑品）ただし知育玩具で「脳を活性化」はOK。食品はもちろんNG。医薬部外品はパッケージに書いている内容ならOK	人体の機能改善	「活性酸素」に同じ	かっせいか	薬事区分を確認	医薬品・医療機器	医薬部外品・化粧品・雑品	※リハビリグッズや知育玩具などを使用して運動したり考えたりすることにより「脳を活性化」「脳に刺激を与える」と表現する場合はOK　雑品そのものや雑品の成分そのものの効能効果として人体に影響するように表現している場合はNG	医薬品等適性広告基準【基準３】　いわゆる健康食品について（東京都福祉保健局）　ヤフー健康食品広告表現ガイドライン
189	体質改善	「体質改善」該当箇所を削除（医薬部外品・化粧品・雑品）	人体の機能改善	リペア　体質改善　痒み改善	たいしつかいぜん	薬事区分を確認	医薬品・医療機器	医薬部外品・化粧品・雑品	"OKの場合でも承認された効能効果の範囲に限る
回復的表現は医薬品・医療機器のみOK
NGの場合でも「整える」「サポート」ならOK"	医薬品等適性広告基準【基準３】　
190	活性酸素	「活性酸素」該当箇所を削除（医薬部外品・化粧品・雑品）	人体の機能改善	活性酸素を減らす	かっせいさんそ	薬事区分を確認	医薬品・医療機器	医薬部外品・化粧品・雑品※	"OKの場合でも承認された効能効果の範囲に限る
"	医薬品等適性広告基準【基準３】　
191	フリーラジカル	「フリーラジカル」該当箇所を削除（医薬部外品・化粧品・雑品）	人体の機能改善	フリーラジカルを減らす	ふりーらじかる	薬事区分を確認	医薬品・医療機器	医薬部外品・化粧品・雑品	OKの場合でも承認された効能効果の範囲に限る	医薬品等適性広告基準【基準３】　
192	血行	「血行」該当箇所を削除（化粧品・雑品）	人体の機能改善	血行を良くする	けっこう	薬事区分を確認	医薬品・医療機器・医薬部外品	化粧品・雑品	OKの場合でも承認された効能効果の範囲に限る	医薬品等適性広告基準【基準３】
193	白髪予防	「白髪予防」該当箇所を削除（化粧品・雑品）。食品はもちろんNG	人体の機能改善	白髪予防	しらがよぼう	薬事区分を確認	医薬品・医療機器	雑品・化粧品・医薬部外品		東京都福祉保健局HP
194	養毛	「養毛」該当箇所を削除（医薬部外品・化粧品・雑品）	人体の機能改善	養毛	ようもう	薬事区分を確認	医薬品・医療機器・医薬部外品・化粧品	雑品		医薬品等適性広告基準【基準３】
195	薬	「薬」人体への効果効能なら該当箇所を削除（医薬品・医薬部外品以外）。ただし「耐薬」「農薬不使用」単に場所を示す意味の「薬局」などはOK。また、「薬剤」「薬液」などでも薬事的な意味（人体への効果効能の意味）を持たない（誤認も含めて）ものであればＯＫ。	疾病への効果	○○薬	くすり	薬事区分を確認	医薬品・医薬部外品	化粧品・雑品	"「薬」は医薬品・医薬部外品に使う言葉
 ・「薬剤」「薬液」などでも薬事的な意味（人体への効果効能の意味）を持たない（誤認も含めて）ものであればOK。例：「ヘアカラー。薬剤の過度な吸収を防ぐ。」"	"医薬品等適性広告基準【基準３】
薬機法66条　健康増進法32条の2　ヤフー薬事抵触事例集"
196	冷え	「冷え」人体への効果効能ならお湯を伴うホットドリンクや物理的にカバーするひざ掛け等なら「冷え対策」はOKで冷え予防はNG。食品の場合、機能性表示食品でパッケージ表現の範囲内ならOKでその他の場合はNG。	疾病への効果	冷え性　冷え改善　	ひえ	"薬事区分を確認、食品の種類を確認
前後関係を確認"	"機能性表示食品（パッケージ表現の範囲内）
（以下、言い過ぎでなければOK）
お湯で溶かす粉末やホットドリンク
物理的にカバーするひざ掛け・ホッカイロ・靴下"	あたたかい状態で摂取しない場合（錠剤や常温の健康食品）	"食品における身体の組織に影響を与えるような表現はNG
ただし温かいものと合わせて摂取する場合（お湯で溶かす粉末やホットドリンクなど）「冷え対策」「冷えたからだをあたためる」までならOK（体質改善ととれる表現にならないように前後関係を注意すること）"	ヤフー健康食品広告表現ガイドライン　東京都見解　JARO見解
256	医師	「医師」推薦・認定なら該当箇所を削除（医薬品・医療機器・医薬部外品・化粧品）	安全性の保証	医師も推薦する　皮膚科医も認める	いし	薬事区分を確認	雑品	医薬品・医療機器・医薬部外品・化粧品	"雑品でも事実でなければ当然NG
雑品であればAsk Doctors確認済み商品の記載OK。記載する場合には「調査元」「調査時期」「調査内容」を明記する。また、医薬品等的な効能効果の推奨になっていないことをきちんと確認すること（アトピー、アレルギー、病名などはもちろんNG）　医薬品等ではNG
安全性の保証、医薬関係者等の推せんは医薬品等ではNG
「人気」なら事実であればOK"	医薬品等適性広告基準【基準10】　薬機法68条　JARO相談結果
257	医者	「医者」推薦・認定なら該当箇所を削除（医薬品・医療機器・医薬部外品・化粧品）	安全性の保証	医師と同じ	いしゃ	薬事区分を確認	雑品	医薬品・医療機器・医薬部外品・化粧品		
258	医療	「医療」推薦・認定なら該当箇所を削除（医薬品・医療機器・医薬部外品・化粧品）	安全性の保証	医師と同じ	いりょう	薬事区分を確認	雑品	医薬品・医療機器・医薬部外品・化粧品		
259	科医　	「科医」推薦・認定なら該当箇所を削除（医薬品・医療機器・医薬部外品・化粧品）	安全性の保証	「医師」と同じ	かい	薬事区分を確認	雑品	医薬品・医療機器・医薬部外品・化粧品		
260	安全	「安全」該当箇所を削除（医薬品・医療機器・医薬部外品・化粧品）	安全性の保証	"とっても安全　○○成分配合で安全です
オーガニックだから安全　有機だから安全"	あんぜん	薬事区分を確認	雑品	医薬品・医療機器・医薬部外品・化粧品	"雑品でも事実でなければ当然NG効能効果または安全性を保証する表現はNG
オーガニック化粧品に特化した効果効能に関するルールはないので、従来の化粧品で標ぼう可能な56の効能効果の範囲内であれば問題ないが「オーガニックだから安全」「有機だから安全」は安全保障表現となるのでNG。※新商品DBではチェック対象から除外（2019/5/10）"	医薬品等適性広告基準【基準３】　化粧品等の適正広告ガイドラインF7　アスクル過去事例　日本化粧品工業連合会相談結果　東京都福祉保健局薬務課監視指導係相談結果
261	安心	「安心」該当箇所を削除（医薬品・医療機器・医薬部外品・化粧品）	安全性の保証	"安心成分　○○成分を使用しているので安心
オーガニックだから安心　有機だから安心"	あんしん	薬事区分を確認	雑品	医薬品・医療機器・医薬部外品・化粧品	"雑品でも事実でなければ当然NG効能効果または安全性を保証する表現はNG
オーガニック化粧品に特化した効果効能に関するルールはないので、従来の化粧品で標ぼう可能な56の効能効果の範囲内であれば問題ないが「オーガニックだから安心」「有機だから安心」は安全保障表現となるのでNG。※新商品DBではチェック対象から除外（2019/5/10）"	医薬品等適性広告基準【基準３】　化粧品等の適正広告ガイドラインF7　アスクル過去事例　日本化粧品工業連合会相談結果　東京都福祉保健局薬務課監視指導係相談結果
262	信頼	「信頼」該当箇所を削除（医薬品・医療機器・医薬部外品・化粧品）	安全性の保証	信頼の日本製	しんらい	薬事区分を確認	雑品	医薬品・医療機器・医薬部外品・化粧品	"雑品でも事実でなければ当然NG
効能効果または安全性を保証する表現はNG
※新商品DBではチェック対象から除外（2019/7/16）"	医薬品等適性広告基準【基準３】　化粧品等の適正広告ガイドラインF7　アスクル過去事例
263	推薦	「推薦」医師・薬剤師・美容師の推薦・認定なら該当箇所を削除（医薬品・医療機器・医薬部外品・化粧品）	安全性の保証	医師の推薦　美容師の推薦　医師が推薦	すいせん	薬事区分を確認	雑品	医薬品・医療機器・医薬部外品・化粧品	"雑品でも事実でなければ当然NG
雑品であればAsk Doctors確認済み商品の記載OK。記載する場合には「調査元」「調査時期」「調査内容」を明記する。また、医薬品等的な効能効果の推奨になっていないことをきちんと確認すること（アトピー、アレルギー、病名などはもちろんNG）　医薬品等ではNG。
安全性の保証、医薬関係者等の推せんは医薬品等ではNG
「人気」なら事実であればOK"	医薬品等適性広告基準【基準10】　薬機法68条　JARO相談結果
264	推奨	「推奨」医師・薬剤師・美容師の推薦・認定なら該当箇所を削除（医薬品・医療機器・医薬部外品・化粧品）	安全性の保証	医師の推奨　美容師の推奨　医師が推奨	すいしょう	薬事区分を確認	雑品	医薬品・医療機器・医薬部外品・化粧品	"雑品でも事実でなければ当然NG
雑品であればAsk Doctors確認済み商品の記載OK。記載する場合には「調査元」「調査時期」「調査内容」を明記する。また、医薬品等的な効能効果の推奨になっていないことをきちんと確認すること（アトピー、アレルギー、病名などはもちろんNG）　医薬品等ではNG。
安全性の保証、医薬関係者等の推せんは医薬品等ではNG
「人気」なら事実であればOK"	医薬品等適性広告基準【基準10】　薬機法68条　JARO相談結果
265	美容師	「美容師」推薦・認定なら該当箇所を削除（医薬品・医療機器・医薬部外品・化粧品）	安全性の保証	美容師もお勧め　美容師が認める	びようし	薬事区分を確認	雑品	医薬品・医療機器・医薬部外品・化粧品	"雑品でも事実でなければ当然NG
安全性の保証、医薬関係者等の推せんは医薬品等ではNG
「人気」なら事実であればOK"	医薬品等適性広告基準【基準10】
266	薬剤師	「薬剤師」推薦・認定なら該当箇所を削除（医薬品・医療機器・医薬部外品・化粧品）	安全性の保証	薬剤師も認める　薬剤師推薦	やくざいし	薬事区分を確認	雑品	医薬品・医療機器・医薬部外品・化粧品	"雑品でも事実でなければ当然NG
安全性の保証、医薬関係者等の推せんは医薬品等ではNG
「人気」なら事実であればOK"	医薬品等適性広告基準【基準10】
317	早割	「早割」早期割引に変換	商標	早割	はやわり	内容を確認	権利者の許諾あり	許諾なしあるいは不明	権利者：ＡＮＡホールディングス、プラザクリエイトイメージング、ぴあ、千趣会、日産自動車	
327	ベストプライス	「ベストプライス」他の言葉に変換	商標	ベストプライス	べすとぷらいす	内容を確認	権利者の許諾あり	許諾なしあるいは不明	権利者：ベスト電器、イオン	
351	蚊	「蚊」予防・対策なら該当箇所を削除（化粧品・雑品）	その他	虫さされ予防　虫除け	か	薬事区分を確認	医薬品・医療機器・医薬部外品・化粧品・雑品※条件付		"OKの場合でも承認された効能効果の範囲に限る
※区分に応じて言える対象害虫を確認・明記し混同しないようにすることが条件
衛生害虫（蚊、ハエ、ゴキブリ）に対する効能効果⇒化粧品・雑品NG　医薬部外品OK
不快害虫（ユスリカ、チョウバエ）に対する効能効果⇒化粧品・雑品OK　医薬部外品OK
"	医薬品等適性広告基準【基準３】
352	ハエ	「ハエ」予防・対策なら該当箇所を削除（化粧品・雑品）	その他	蚊に同じ	はえ	薬事区分を確認	医薬品・医療機器・医薬部外品・化粧品・雑品※条件付		"OKの場合でも承認された効能効果の範囲に限る
※区分に応じて言える対象害虫を確認・明記し混同しないようにすることが条件
衛生害虫（蚊、ハエ、ゴキブリ）に対する効能効果⇒化粧品・雑品NG　医薬部外品OK
不快害虫（ユスリカ、チョウバエ）に対する効能効果⇒化粧品・雑品OK　医薬部外品OK
"	医薬品等適性広告基準【基準３】
353	ゴキブリ	「ゴキブリ」予防・対策なら該当箇所を削除（化粧品・雑品）	その他	蚊に同じ	ごきぶり	薬事区分を確認	医薬品・医療機器・医薬部外品・化粧品・雑品※条件付		"OKの場合でも承認された効能効果の範囲に限る
※区分に応じて言える対象害虫を確認・明記し混同しないようにすることが条件
衛生害虫（蚊、ハエ、ゴキブリ）に対する効能効果⇒化粧品・雑品NG　医薬部外品OK
不快害虫（ユスリカ、チョウバエ）に対する効能効果⇒化粧品・雑品OK　医薬部外品OK
"	医薬品等適性広告基準【基準３】
407	最終価格	「最終価格」該当箇所を削除	その他	最終価格	さいしゅうかかく	使用禁止			約束できないので使用禁止	社内ルール
408	底値	「底値」該当箇所を削除	その他	底値	そこね	使用禁止			約束できないので使用禁止	社内ルール
436	コロナ	「コロナ」該当箇所を削除（化粧品・雑品）。食品はもちろんNG	疾病への効果	コロナ対策、コロナウィルス	ころな	薬事区分を確認	医薬品・医療機器・医薬部外品（補助薬として）	化粧品・雑品	OKの場合でも承認された効能効果の範囲に限る	いわゆる健康食品について（H28.10.3）
437	肺炎	「肺炎」該当箇所を削除（化粧品・雑品）。食品はもちろんNG	疾病への効果	新型肺炎対策	はいえん	薬事区分を確認	医薬品・医療機器・医薬部外品（補助薬として）	化粧品・雑品	OKの場合でも承認された効能効果の範囲に限る	いわゆる健康食品について（H28.10.3）
438	歯槽膿漏	「歯槽膿漏」歯ブラシの場合、歯槽膿漏の「治療」「歯石除去」はNG。「プラーク（歯垢）除去／クリーニング／マッサージ等のブラッシング効果による」という説明付きであれば「歯槽膿漏対策」「歯槽膿漏ケア」はOK。ただし、現時点ではブラッシング効果の説明がなく、「歯槽膿漏対策」のみのコピーが記載されていても削除するほどのことではないと判断（2020/3/25時点）。	疾病への効果	歯槽膿漏対策	しそうのうろう	薬事区分を確認	医薬品・医療機器・医薬部外品	"化粧品・雑品
歯ブラシは場合によってはOK"	OKの場合でも承認された効能効果の範囲に限る	"行政の見解に基づく日本歯磨工業会員各社の共有事項（2018/02/06）
JARO確認（2019/03）、東京都福祉保健局確認（2020/03）"
474	ピロリ菌	「ピロリ菌」特定の菌に対する効果効能なら該当箇所を削除（医薬部外品・雑品・化粧品）医薬品・医療機器はパッケージにその効果効能が書いてある内容ならOK。	疾病への効果	ピロリ菌に効果あり	ぴろりきん	薬事区分を確認	医薬品・医療機器	医薬部外品・化粧品・雑品		医薬品等適性広告基準【基準３】
475	アルツハイマー	「アルツハイマー」該当箇所を削除（医薬部外品・化粧品・雑品）。	疾病への効果	アルツハイマーに効果あり	あるつはいまー	薬事区分を確認	医薬品・医療機器	医薬部外品・化粧品・雑品		医薬品等適性広告基準【基準３】
478	もの忘れ	「もの忘れ」身体機能の改善・増強、症状・人体への効果効能なら該当箇所を削除（医薬部外品・化粧品・雑品）。食品の場合、保健機能食品（特定保健用食品（トクホ）、機能性表示食品、栄養機能食品のいずれか）でパッケージ表現の範囲内ならOKでその他の場合はNG。	身体の機能を改善	もの忘れ予防	ものわすれ	薬事区分を確認	医薬品・医療機器・保健機能食品（パッケージ表現の範囲内）	OK以外	OKの場合でも承認された効能効果の範囲に限る	"健康食品に関する景品表示法及び健康増進法上の留意事項について（H28.6.30）
医薬品等適性広告基準【基準３】"
483	不妊症	「不妊症」該当箇所を削除（医薬部外品・化粧品・雑品）。	疾病への効果	不妊症改善	ふにんしょう	薬事区分を確認	医薬品・医療機器	医薬部外品・化粧品・雑品		医薬品等適性広告基準【基準３】
490	機能を	「機能を」該当箇所を削除（食品）。但し、保健機能食品（特定保健用食品（トクホ）、機能性表示食品、栄養機能食品のいずれか）でパッケージ表現の範囲内ならOKでその他の場合はNG。	人体の機能改善	機能を持った	きのうを	保健機能食品かを確認	保健機能食品（パッケージ表現の範囲内）	その他食品	"保健機能食品：パッケージに記載された内容に限る
まぎらわしい表現も禁止とする"	食品表示基準　消費者庁「インターネットにおける『機能○○食品』等の表示に対する改善要請等について」　消費者庁からの改善指導（アスクル過去事例）
491	機能の	「機能の」該当箇所を削除（食品）。但し、保健機能食品（特定保健用食品（トクホ）、機能性表示食品、栄養機能食品のいずれか）でパッケージ表現の範囲内ならOKでその他の場合はNG。	人体の機能改善	機能の高い	きのうの	保健機能食品かを確認	保健機能食品（パッケージ表現の範囲内）	その他食品	"保健機能食品：パッケージに記載された内容に限る
まぎらわしい表現も禁止とする"	食品表示基準　消費者庁「インターネットにおける『機能○○食品』等の表示に対する改善要請等について」　消費者庁からの改善指導（アスクル過去事例）
492	機能が	「機能が」該当箇所を削除（食品）。但し、保健機能食品（特定保健用食品（トクホ）、機能性表示食品、栄養機能食品のいずれか）でパッケージ表現の範囲内ならOKでその他の場合はNG。	人体の機能改善	機能がある	きのうが	保健機能食品かを確認	保健機能食品（パッケージ表現の範囲内）	その他食品	"保健機能食品：パッケージに記載された内容に限る
まぎらわしい表現も禁止とする"	食品表示基準　消費者庁「インターネットにおける『機能○○食品』等の表示に対する改善要請等について」　消費者庁からの改善指導（アスクル過去事例）
493	機能性を	「機能性を」該当箇所を削除（食品）。但し、保健機能食品（特定保健用食品（トクホ）、機能性表示食品、栄養機能食品のいずれか）でパッケージ表現の範囲内ならOKでその他の場合はNG。	人体の機能改善	機能性を持った	きのうせいを	保健機能食品かを確認	保健機能食品（パッケージ表現の範囲内）	その他食品	"保健機能食品：パッケージに記載された内容に限る
まぎらわしい表現も禁止とする"	食品表示基準　消費者庁「インターネットにおける『機能○○食品』等の表示に対する改善要請等について」　消費者庁からの改善指導（アスクル過去事例）
494	機能性の	「機能性の」該当箇所を削除（食品）。但し、保健機能食品（特定保健用食品（トクホ）、機能性表示食品、栄養機能食品のいずれか）でパッケージ表現の範囲内ならOKでその他の場合はNG。	人体の機能改善	機能性の高い	きのうせいの	保健機能食品かを確認	保健機能食品（パッケージ表現の範囲内）	その他食品	"保健機能食品：パッケージに記載された内容に限る
まぎらわしい表現も禁止とする"	食品表示基準　消費者庁「インターネットにおける『機能○○食品』等の表示に対する改善要請等について」　消費者庁からの改善指導（アスクル過去事例）
495	機能性が	「機能性が」該当箇所を削除（食品）。但し、保健機能食品（特定保健用食品（トクホ）、機能性表示食品、栄養機能食品のいずれか）でパッケージ表現の範囲内ならOKでその他の場合はNG。	人体の機能改善	機能性がある	きのうせいが	保健機能食品かを確認	保健機能食品（パッケージ表現の範囲内）	その他食品	"保健機能食品：パッケージに記載された内容に限る
まぎらわしい表現も禁止とする"	食品表示基準　消費者庁「インターネットにおける『機能○○食品』等の表示に対する改善要請等について」　消費者庁からの改善指導（アスクル過去事例）
496	アレルギー対策	「アレルギー対策」疾病の予防・治療、人体への効果効能なら該当箇所を削除（化粧品・雑品）。	疾病への効果	アレルギー対策	あれるぎーたいさく	薬事区分を確認	医薬品・医療機器	化粧品・雑品		医薬品等適性広告基準【基準３】
497	アレルギー症状	「アレルギー症状」疾病の予防・治療、人体への効果効能なら該当箇所を削除（化粧品・雑品）。	疾病への効果	アレルギー症状予防	あれるぎーしょうじょう	薬事区分を確認	医薬品・医療機器	化粧品・雑品		医薬品等適性広告基準【基準３】
498	抗アレルギー	「抗アレルギー」疾病の予防・治療、人体への効果効能なら該当箇所を削除（化粧品・雑品）。	疾病への効果	抗アレルギー効果	こうあれるぎー	薬事区分を確認	医薬品・医療機器	化粧品・雑品		医薬品等適性広告基準【基準３】
499	アレルギー作用	「アレルギー作用」疾病の予防・治療、人体への効果効能なら該当箇所を削除（化粧品・雑品）。	疾病への効果	アレルギー作用	あれるぎーさよう	薬事区分を確認	医薬品・医療機器	化粧品・雑品		医薬品等適性広告基準【基準３】
500	生活習慣病	「生活習慣病」該当箇所を削除（化粧品・雑品）。食品の場合、保健機能食品（特定保健用食品（トクホ）、機能性表示食品、栄養機能食品のいずれか）でパッケージ表現の範囲内ならOKでその他の場合はNG。	疾病への効果	生活習慣病予防	せいかつしゅうかんびょう	薬事区分を確認	医薬品・医療機器・保健機能食品（パッケージ表現の範囲内）	OK以外	OKの場合でも承認された効能効果の範囲に限る	医薬品等適性広告基準【基準３】
501	不活性化	「不活性化」菌、ウイルスへの効果なら該当箇所を削除	疾病への効果	ノロウイルスに対する不活性化効果を実証	ふかっせいか	使用禁止	医薬品・医薬部外品	化粧品・雑品	殺菌、滅菌を想起させる。	JARO→東京都薬務課への確認（2024/3/11)